1,"-мамныслысь",1,,
2,"-пинясе",1,,
3,"«изьватасын»",1,,
4,"(сэсся",1,,
5,"(таессе",1,,
6,"xозяйствоын",1,"x",
7,"абуӧсь",3,,
8,"абуэсь",15,,
9,"аддзе",5,,
10,"аддзема",2,,
11,"аддзены",4,,
12,"аддзи",14,,
13,"аддзим",8,,
14,"аддзин",4,,
15,"аддзиннныд",1,,
16,"аддзинныд",4,,
17,"аддзис",10,,
18,"аддзисны",2,,
19,"аддзисьлам",1,,
20,"аддзися",1,,
21,"аддзисям",1,,
22,"аддзылысим",1,,
23,"аддзысемаась",1,,
24,"аддзысим",1,,
25,"аддзысисны",1,,
26,"аддзысьлам",5,,
27,"аддзысьлі",1,,
28,"аддзысьлім",5,,
29,"аддзысьліс",1,,
30,"аддзысьлӧ",1,,
31,"аддзысьлӧмъясыс",1,,
32,"аддзысьлы",1,,
33,"аддзысьлывлам",1,,
34,"аддзысьлыны",1,,
35,"аддзысьлэ",2,,
36,"аддзысьлэмныд",1,,
37,"аддзысьлэмыд",1,,
38,"аддзысьӧны",1,,
39,"аддзысям",2,,
40,"адзысьлэмныд",2,,
41,"аелысь",4,,
42,"аесянь",2,,
43,"азии",2,,
44,"ай-мамлысь",1,,
45,"ай-мамлэнэсь",1,,
46,"айбарчасясныс",1,,
47,"айлаздорсяньныд",1,,
48,"айсяне",3,,
49,"айсяньыс",2,,
50,"айыдлысь",1,,
51,"академиясьыд",1,"x",
52,"активнэесь",2,"x",
53,"алексеевич",2,"x",
54,"алексеевна",14,"x",
55,"алексеевнаан",1,"x",
56,"алексеевнаыс",1,"x",
57,"алексей",9,"x",
58,"аль-джазира",1,"x",
59,"америкаысь",1,"x",
60,"анализируйтасны",1,"x",
61,"анастасия",4,"x",
62,"анися",1,"x",
63,"аньсянь",1,,
64,"аресаась",1,,
65,"арессянь",1,,
66,"армиясьыс",1,"x",
67,"армияысь",2,"x",
68,"арӧсаӧсь",1,,
69,"арся",1,,
70,"арсянь",2,,
71,"арсяньыс",2,,
72,"артасьны",1,,
73,"архипысь",2,"x",
74,"арыссянь",1,,
75,"аслыспӧлӧсаӧсь",2,,
76,"асмогасьныныссэ",1,,
77,"ассид",1,,
78,"ассинім",1,,
79,"ассьныд",1,,
80,"ассьныс",1,,
81,"ассьсӧ",1,,
82,"ассьыд",9,,
83,"ассьым",7,,
84,"ассьынӧс",1,,
85,"ассьыны-",1,,
86,"ассьыныд",3,,
87,"ассьыным",1,,
88,"ассьыныс",8,,
89,"ассьыс",27,,
90,"ассюм",18,,
91,"ассюнум",2,,
92,"асысянь",1,,
93,"асыысяньыс",1,,
94,"ась",1,,
95,"асьлыд",1,,
96,"асьнісэ",1,,
97,"асьнум",25,,
98,"асьныд",29,,
99,"асьным",1,,
100,"асьныс",49,,
101,"асьныс.",1,,
102,"асьнысӧ",1,,
103,"асьныссӧ",1,,
104,"асьныссэ",3,,
105,"асьнысэ",1,,
106,"асьсӧ",4,,
107,"асьсэ",9,,
108,"асьті",2,,
109,"асьтӧ",1,,
110,"асьтэ",2,,
111,"асьыд",1,,
112,"асьыныд",1,,
113,"аудиозаписьяс",1,"x",
114,"ачысь",1,,
115,"бöрсянь",2,,
116,"бабаныслысь",1,,
117,"бабарӧдлысь",1,,
118,"бабаыслысь",1,,
119,"бабелысь",1,,
120,"бабнумлысь",1,,
121,"бабсянь",1,,
122,"бабсяньнум",1,,
123,"бабыдлысь",1,,
124,"байдӧгысь",1,,
125,"бакурсьыс",1,,
126,"бакурсянис",1,,
127,"бакурысь",1,,
128,"бараюрасьӧны",1,,
129,"баръёэсь",1,,
130,"бассейныс",1,"x",
131,"бензина",1,"x",
132,"бензином",1,"x",
133,"бердадэсь",1,,
134,"бердсяньыс",1,,
135,"благеслэвитэмаась",1,"x",
136,"блокландсянь",1,,
137,"богатэесь",1,"x",
138,"боевеесь",1,,
139,"божийлысь",1,,
140,"бӧксьыс",1,,
141,"боксянь",5,,
142,"бӧксяньыс",1,,
143,"бӧкынэсь",1,,
144,"бокысь",1,,
145,"бӧкысь",7,,
146,"болезьнь",1,"x",
147,"большеземельская",1,"x",
148,"бӧрдысь",1,,
149,"бӧрдэдчемаась",1,,
150,"бӧрдэмсьыс",1,,
151,"бӧре-водзе",2,,
152,"бӧрйысе",2,,
153,"бӧрйысьны",1,,
154,"бӧрсьыс",4,,
155,"бӧрся",3,,
156,"бӧрсяне",4,,
157,"бӧрсянедныс",2,,
158,"бӧрсянедэ",2,,
159,"бӧрсяныс",1,,
160,"бӧрсянь",13,,
161,"бӧрсяньыд",2,,
162,"бӧрсяньыс",11,,
163,"бортсьыс",1,,
164,"бӧръемаась",1,,
165,"бӧрысь",1,,
166,"бӧрысьыныс",1,,
167,"босиком",1,"x",
168,"бось",14,,
169,"бось-",2,,
170,"босьліс",3,,
171,"босьлісны",3,,
172,"босьлэмаась",2,,
173,"босьны",17,,
174,"босьныс",1,,
175,"босьнысэ",3,,
176,"босьт,",1,,
177,"босьтi",1,,
178,"босьта",10,,
179,"босьталіс",1,,
180,"босьталісны",2,,
181,"босьталӧ",1,,
182,"босьталэныс",2,,
183,"босьтам",13,,
184,"босьтам,",1,,
185,"босьтамте",1,,
186,"босьтан",10,,
187,"босьтанныд",7,,
188,"босьтас",22,,
189,"босьтасны",4,,
190,"босьтасныс",6,,
191,"босьтасныс-а",1,,
192,"босьті",23,,
193,"босьтім",6,,
194,"босьтін",4,,
195,"босьтін?",1,,
196,"босьтіс",43,,
197,"босьтісны",15,,
198,"босьтісныс",16,,
199,"босьтлас",1,,
200,"босьтлы",2,,
201,"босьтлылам",1,,
202,"босьтлыліс",1,,
203,"босьтлэ",1,,
204,"босьтны",17,,
205,"босьтнысэ",3,,
206,"босьтӧ",1,,
207,"босьтӧмаӧсь",1,,
208,"босьтӧны",6,,
209,"босьтчыны",1,,
210,"босьтым",1,,
211,"босьтысьыс",1,,
212,"босьтыштам",1,,
213,"босьтыштны",1,,
214,"босьтыштэ",2,,
215,"босьтэ",27,,
216,"босьтэй",2,,
217,"босьтэм",1,,
218,"босьтэма",6,,
219,"босьтэмаась",8,,
220,"босьтэны",5,,
221,"босьтэныс",8,,
222,"бояться",1,,
223,"брался",1,"x",
224,"брезент",3,"x",
225,"брезента",1,"x",
226,"бросил",1,"x",
227,"брушинасьыс",3,"x",
228,"будется",1,"x",
229,"букваяссяньыс",1,"x",
230,"бульдозерен",1,"x",
231,"бумагасьыс",1,"x",
232,"бумагасянь",1,,
233,"буракӧсь",1,,
234,"бураэсь",1,,
235,"бурдзыкесь",1,,
236,"бурдӧтчысь",1,,
237,"буресь",6,,
238,"буриндзик",1,,
239,"бурӧсь",1,,
240,"бурысь",1,,
241,"бусинец",1,"x",
242,"бусьте-ке",1,,
243,"бусьтеке",3,,
244,"бусьтекенэ",2,,
245,"бусьтекесь",1,,
246,"бусьтӧ",1,,
247,"бусьтэ",6,,
248,"бусьтэ-ке",2,,
249,"бусьтэк",2,,
250,"бусьтэке",7,,
251,"бусьтэкенэсь",1,,
252,"бусьтэкесь",12,,
253,"бутьтэкесь",1,,
254,"быдвынсьыс",1,,
255,"быдлаысь",9,,
256,"быдмӧмаась",1,,
257,"быдмысь",1,,
258,"быдсема",2,,
259,"быдсемасэ",1,,
260,"быдсемаыс",2,,
261,"быдсям",1,,
262,"быдсяма",4,,
263,"быдсямаӧн,",1,,
264,"быдсямаса",1,,
265,"быдсяматор",2,,
266,"быдтысе",1,,
267,"быдтысяс",1,,
268,"быдтэмаась",2,,
269,"быдтэмась",1,,
270,"быдчемаысь",1,,
271,"бырӧдӧмаась",2,,
272,"бысьтэ",2,,
273,"бысьтэ-ке",1,,
274,"бытьсяма",1,,
275,"вöлöмаэсь)",1,,
276,"вöрсьыс",2,,
277,"ваасясны",1,,
278,"ваедысей",1,,
279,"ваедэмаась",1,,
280,"ваемаась",2,,
281,"важысяньыс",1,,
282,"вайлэмаась",1,,
283,"валей-ысь",1,,
284,"валейяслысь",1,,
285,"валяйтчемаась",1,,
286,"ваньдейсьыс",5,,
287,"васе",4,,
288,"васеэс",1,,
289,"василей",4,,
290,"василейсянь",2,"x",
291,"василий",14,"x",
292,"василий-то",1,"x",
293,"василина",2,"x",
294,"василиналӧн",1,"x",
295,"василиса",1,"x",
296,"васильевич",3,"x",
297,"васильевка",2,"x",
298,"васильевна",4,"x",
299,"васильёвналы",1,"x",
300,"вась",4,"x",
301,"васька",11,"x",
302,"васькалысь",1,"x",
303,"васьыс",2,"x",
304,"васюк",2,"x",
305,"вася",13,"x",
306,"васякӧд",1,"x",
307,"васялэн",1,"x",
308,"ватагаысь",1,"x",
309,"вачегасям",1,,
310,"ваясим",1,,
311,"вдумывалась",1,"x",
312,"вежласьӧны",1,,
313,"вежливейджыкесь",2,"x",
314,"вежсе",4,,
315,"вежсеныс",2,,
316,"вежси",1,,
317,"вежсис",10,,
318,"вежсис.",1,,
319,"вежсисны",1,,
320,"вежсьӧ",2,,
321,"вежсьӧма",1,,
322,"вежсьӧмъясыс",1,,
323,"вежсьы",2,,
324,"вежсьыны",2,,
325,"вежсяс",1,,
326,"везитіс",1,,
327,"вексянь",1,,
328,"велалэмаась",5,,
329,"велӧдӧмаӧсь",1,,
330,"велӧдчысь",1,,
331,"велӧдчысьяскед",1,,
332,"велӧдысь",3,,
333,"велӧдысьӧн",1,,
334,"велӧдысьсӧ",1,,
335,"велӧдысьяскӧд",1,,
336,"велосипедэн",1,"x",
337,"велэдчысьясыс",1,,
338,"велэдысьлэн",1,,
339,"вер(и)баысь",2,,
340,"вербуйтчемаась",1,,
341,"верземен",1,,
342,"верземнассэ",1,,
343,"вермасисныс",2,,
344,"вермассянныд",2,,
345,"вермасьны",2,,
346,"вермасям",1,,
347,"вермасянныд",1,,
348,"вермасяныд",1,,
349,"вернётся",1,"x",
350,"версия",1,"x",
351,"вертепсьыс",5,,
352,"вертепысесь",2,,
353,"вертепысь",13,,
354,"веселитчины,",1,"x",
355,"веселые",1,"x",
356,"весиг",7,,
357,"вессис",1,,
358,"весь",10,"x","how about this?"
359,"веськ-",1,,
360,"веськаліс",1,,
361,"веськалӧ",1,,
362,"веськалӧмась",1,,
363,"веськалэма",2,,
364,"веське",63,,
365,"веськен",1,,
366,"веськӧ",3,,
367,"веськӧдліс",1,,
368,"веськӧдлыны",1,,
369,"веськӧдлысь",5,,
370,"веськӧдлысьыс",1,,
371,"веськӧдлысьяс",1,,
372,"веськӧдны",1,,
373,"веськодь",1,,
374,"веськыд",12,,
375,"веськыда",3,,
376,"веськыдджык",1,,
377,"веськыдыд",1,,
378,"весьсэ",1,"x","how about this?"
379,"весьсянь",1,,
380,"весьтас",7,,
381,"весьті",1,,
382,"весьтын",1,,
383,"весьтэ",1,,
384,"весьтэд",1,,
385,"весьтэдз",1,,
386,"весьшӧрӧ",1,,
387,"ветлалэмась",1,,
388,"ветласис",1,,
389,"ветлась",1,,
390,"ветлӧмаӧсь",1,,
391,"ветлысь",3,,
392,"ветлысь-муныськед",1,,
393,"ветлысьыс",1,,
394,"ветлыылэмась",1,,
395,"ветлэмаась",5,,
396,"ветлэмаэсь",1,,
397,"ветлэмысь",1,,
398,"веттьысе",1,,
399,"взрослэесь",1,"x",
400,"взять",1,"x",
401,"видзаасе",1,,
402,"видзаасялэныс",1,,
403,"видзаасясныс",1,,
404,"видзе",4,,
405,"видзед",16,,
406,"видзеда",44,,
407,"видзедала",3,,
408,"видзедалэ",2,,
409,"видзедалэныс",1,,
410,"видзедам",7,,
411,"видзедан",6,,
412,"видзеданныд",2,,
413,"видзедантор",1,,
414,"видзедас",2,,
415,"видзеді",3,,
416,"видзеді-видзеді",1,,
417,"видзедім",1,,
418,"видзедін",1,,
419,"видзедіс",2,,
420,"видзедла",3,,
421,"видзедлам",1,,
422,"видзедліс",2,,
423,"видзедлы",14,,
424,"видзедлыны",2,,
425,"видзедны",10,,
426,"видзедныс",1,,
427,"видзеднысэ",3,,
428,"видзедчыны",1,,
429,"видзедыгмоз",1,,
430,"видзедысьяс",1,,
431,"видзедэ",33,,
432,"видзедэны",3,,
433,"видзедэныс",7,,
434,"видзем",1,,
435,"видземсэ",1,,
436,"видземыскед",1,,
437,"видзены",16,,
438,"видзеныс",12,,
439,"видзи",1,,
440,"видзим",4,,
441,"видзим-вӧдитім",1,,
442,"видзинныд",1,,
443,"видзис",2,,
444,"видзисны",8,,
445,"видзисныс",4,,
446,"видзлысьлас",1,,
447,"видзсе",1,,
448,"видзсены",1,,
449,"видзсисны",1,,
450,"видзсьыны",1,,
451,"видзысь",7,,
452,"видзысьлӧн",1,,
453,"видзысьыд",1,,
454,"видзысьыс",2,,
455,"видзысьяс",9,,
456,"видзысьяскӧд",1,,
457,"видзысьяслӧн",1,,
458,"видзысьяслэн",1,,
459,"видзысьяссэ",1,,
460,"видзьяс",6,,
461,"видзьяслэн",1,,
462,"видзьяссэ",1,,
463,"видзьясыс",3,,
464,"видзьясыслэн",2,,
465,"визьла",6,,
466,"визьлала",1,,
467,"визьлаланныд",1,,
468,"визьлаласны",1,,
469,"визьлалі",4,,
470,"визьлалэ",2,,
471,"визьлалэныс",2,,
472,"визьлам",2,,
473,"визьласьлас",1,,
474,"визьлі",2,,
475,"визьлоо",2,,
476,"визьлоолыны",1,,
477,"визьлооны",2,,
478,"визьлы",11,,
479,"визьлыны",9,,
480,"визьлысема",1,,
481,"визьлыси",5,,
482,"визьлысис",1,,
483,"визьлысисныс",2,,
484,"визьлысьла",3,,
485,"визьлысьлас",6,,
486,"визьлысьласныс",1,,
487,"визьлышта",1,,
488,"визьлыштанныд",1,,
489,"визьлыштооны",1,,
490,"визьлыыла",1,,
491,"визьлыылі",1,,
492,"визьлэ",2,,
493,"визьлэма",1,,
494,"вии(эмась)",1,,
495,"винасьыс",1,,
496,"винлаысь",1,,
497,"вирысь",1,,
498,"висе",11,,
499,"висем",7,,
500,"висема",1,,
501,"висемен",1,,
502,"висемъяс",1,,
503,"висемъясыс",2,,
504,"висемыс",4,,
505,"висены",5,,
506,"висер",5,,
507,"висерса",2,,
508,"висерын",1,,
509,"виси",1,,
510,"висигас",1,,
511,"висиген",1,,
512,"висис",1,,
513,"висис.",1,,
514,"висисны",1,,
515,"виссьысь",1,,
516,"вись",3,,
517,"вись-",2,,
518,"вись-талэ",1,,"fix"
519,"вись,",1,,"fix"
520,"висьлі",1,,
521,"висьлыыласны",1,,
522,"висьма",1,,
523,"висьмема",2,,
524,"висьми",2,,
525,"висьмин",1,,
526,"висьмис",1,,
527,"висьмисныс",1,,
528,"висьмы",1,,
529,"висьмыліс",2,,
530,"висьны",3,,
531,"висьны.",1,,"fix"
532,"висьныс",2,,
533,"висьнысэ",1,,
534,"висьӧ",5,,
535,"висьӧмыс",1,,
536,"висьӧныс",1,,
537,"висьооны",1,,
538,"висьт",5,,
539,"висьт-",1,,
540,"висьта",3,,
541,"висьта-лэ",2,,"fix"
542,"висьтааны",1,,
543,"висьтав",10,,
544,"висьтав,",2,,"fix"
545,"висьтавліс",1,,
546,"висьтавны",12,,
547,"висьталi",1,,
548,"висьталö",1,,
549,"висьталöныс",1,,
550,"висьтала",95,,
551,"висьталам",12,,
552,"висьталам,",1,,"fix"
553,"висьталан",18,,
554,"висьталанныд",5,,
555,"висьталас",17,,
556,"висьталаслi",1,,
557,"висьталасны",7,,
558,"висьталасны,",1,,"fix"
559,"висьталасныс",12,,
560,"висьталі",56,,
561,"висьталі-а",1,,
562,"висьталі-висьталі",1,,
563,"висьталім",4,,
564,"висьталін",2,,
565,"висьталінныд",15,,
566,"висьталіс",71,,
567,"висьталіс:",1,,
568,"висьталіс?",1,,
569,"висьталісны",14,,
570,"висьталісныс",10,,
571,"висьталӧ",9,,
572,"висьталӧй",3,,
573,"висьталӧй,",1,,
574,"висьталӧма",1,,
575,"висьталӧны",7,,
576,"висьталооны",1,,
577,"висьталыс",1,,
578,"висьталысь",1,,
579,"висьталыштан",1,,
580,"висьталэ",460,,
581,"висьталэ,",1,,
582,"висьталэ:",1,,
583,"висьталэй",1,,
584,"висьталэма",9,,
585,"висьталэма,",1,,
586,"висьталэны",42,,
587,"висьталэныс",42,,
588,"висьтас",1,,
589,"висьтасе",2,,
590,"висьтась",3,,
591,"висьтасьны",1,,
592,"висьтасьӧны",1,,
593,"висьтасяс",1,,
594,"висьтовны",1,,
595,"висьтоо",36,,
596,"висьтоо,",1,,
597,"висьтоо.",1,,
598,"висьтоола",2,,
599,"висьтоолан",1,,
600,"висьтоолас",2,,
601,"висьтооласныс",3,,
602,"висьтоолі",2,,
603,"висьтооліс",11,,
604,"висьтоолісны",1,,
605,"висьтоолісны,",1,,
606,"висьтоолісныс",1,,
607,"висьтоолы",4,,
608,"висьтоолыны",3,,
609,"висьтоолэ",1,,
610,"висьтоолэмаась",1,,
611,"висьтоолэмась",1,,
612,"висьтоолэны",4,,
613,"висьтооны",115,,
614,"висьтооныс",4,,
615,"висьтоонысэ",5,,
616,"висьтъяс",1,,
617,"висьтъяссӧ",3,,
618,"висьтылӧй",1,,
619,"висьтыслӧн",1,,
620,"висьтыштан",2,,
621,"висьтыштанныд",1,,
622,"висьтыштӧй",1,,
623,"висьтэ",1,,
624,"висьтэдзе",1,,
625,"висьысь",2,,
626,"висьысьяслы",1,,
627,"висьысьяссэ",1,,
628,"вися",1,,
629,"висялэны",1,,
630,"висян",1,,
631,"висясныс",1,,
632,"витсе",4,,
633,"витсё",2,,
634,"витчисис",1,,
635,"витязев",1,,
636,"витязева",2,,
637,"вичколысь",1,,
638,"виччисе",1,,
639,"виччысе",5,,
640,"виччысем",1,,
641,"виччысены",2,,
642,"виччысеныс",1,,
643,"виччысис",1,,
644,"виччысьны",3,,
645,"виччысьӧ",1,,
646,"виччысьӧ.",1,,
647,"виччысьӧмӧй",2,,
648,"виччысьӧны",2,,
649,"виччысьтӧг",1,,
650,"виччысьтэмысла",1,,
651,"виччысьыштіс",1,,
652,"виччыся",1,,
653,"виччысям",1,,
654,"виэмаэсь",1,,
655,"виясеныс",2,,
656,"властьсьыс",1,"x",
657,"влась",2,"x",
658,"власьт",1,"x",
659,"власьтьыс",1,"x",
660,"во-тысьысь",1,,
661,"вӧбысь",1,,
662,"вӧвлӧмаась",1,,
663,"вӧвсьӧ",2,,
664,"вовсю",2,,
665,"вогваздиноысь",1,"x",
666,"водзасем",2,,
667,"водзджыкысьсэ",1,,
668,"водзе",46,,
669,"водзевыы",1,,
670,"водзен",1,,
671,"водзмӧстчысь",2,,
672,"водзсьыс",1,,
673,"водзсянь",1,,
674,"вӧдитчемаась",1,,
675,"водьсянь",1,,
676,"воедэмась",1,,
677,"вожсьыс",2,,
678,"вожысь",2,,
679,"возил",1,"x",
680,"вӧзитчам",2,,
681,"вӧзитчині",1,,
682,"вӧзитчины",1,,
683,"возмущались",1,"x",
684,"возрастнэйесь",1,,
685,"возьмёмь",1,,
686,"возьмёте",1,,
687,"возьми",3,,
688,"возьми-то",1,,
689,"войвывсянь",3,,
690,"вӧйзис",1,,
691,"войлэмсьыс",1,,
692,"вӧйнабӧрся",1,,
693,"войпукасьӧны",1,,
694,"воклысь",1,,
695,"вокъясыслысь",1,,
696,"вӧлесьсаяс",1,,
697,"вӧлись",5,,
698,"волльысь",1,,
699,"вӧлӧмаӧсь",1,,
700,"воломась",1,,
701,"вӧлӧмась",2,,
702,"волӧмсянь",1,,
703,"волывлӧмаӧсь",2,,
704,"волысе",1,,
705,"вӧлысигэн",1,,
706,"вӧлыслысь",1,,
707,"вӧлысь",1,,
708,"волысьлыласныс",1,,
709,"вольпась",5,,
710,"вольпасьнум",2,,
711,"вольпасьнумес",1,,
712,"вольпасьсэ",3,,
713,"вольпасяс",1,,
714,"вӧльысь",8,,
715,"волэмаась",2,,
716,"вӧлэмаась",23,,
717,"волэмась",2,,
718,"вӧлэмась",3,,
719,"вӧлэсь",3,,
720,"вӧлэсьрас",1,,"fix"
721,"вӧлэсьтанум",1,,
722,"вӧлэсьтас",5,,
723,"вӧлэсьтас(э)",1,,
724,"вӧлэсьтсюнум",2,,
725,"вӧлэсьтын",3,,
726,"вӧлэсьтыс",2,,
727,"вӧлэсьтысь",1,,
728,"вӧлэсьтэ",6,,
729,"вӧлэсьяссэ",1,,
730,"вӧлэсьясыс",1,,
731,"вомаась",1,,
732,"вомсьыд",1,,
733,"вомсьыс",1,,
734,"вӧӧлэмась",1,,
735,"воомаась",1,,
736,"воӧмаӧсь",1,,
737,"воомась",11,,
738,"вӧӧсьы",1,,
739,"вӧӧсьыны",22,,
740,"вӧӧяслысь",1,,
741,"вӧр-пуысь",1,,
742,"вӧралысьяс",1,,
743,"вӧрасьысь",1,,
744,"вӧргасьыс",1,,
745,"вӧрзе",1,,
746,"вӧрзед",1,,
747,"вӧрзедас",1,,
748,"вӧрзедла",1,,
749,"вӧрзедлы",1,,
750,"вӧрзедлыныс",1,,
751,"вӧрзедчис",1,,
752,"вӧрзедэ",1,,
753,"вӧрземаась",1,,
754,"вӧрзёоны",2,,
755,"вӧрзи",1,,
756,"вӧрзим",2,,
757,"вӧрзис",1,,
758,"вӧрзисныс",1,,
759,"вӧрзьӧдӧма",1,,
760,"вӧрзьӧдӧны",1,,
761,"вӧрзьы",1,,
762,"вӧрзьыген",2,,
763,"ворзьыны",2,,
764,"вӧрзьыны",4,,
765,"вӧрзьынытэ",1,,
766,"вӧрзялан",1,,
767,"вӧрзялісныс",3,,
768,"вӧрзялыгас",1,,
769,"вӧрзялыгдырйи",1,,
770,"вӧрзялэны",1,,
771,"вӧрзям",2,,
772,"вӧрзян",1,,
773,"воркутасянь",1,,
774,"ворсысь",2,,
775,"ворсысьыс",1,,
776,"ворсэмаась",1,,
777,"вӧрысь",4,,
778,"восем",1,"x",
779,"восемесят",13,"x",
780,"восемесять",1,"x",
781,"восемнадцатого",2,"x",
782,"восемнадцатом",1,"x",
783,"восемсот",1,"x",
784,"восемь",2,"x",
785,"восемьдесят",3,"x",
786,"восемьсот",5,"x",
787,"вӧскресенньӧ",1,"x",
788,"воссе",1,,
789,"воссема",1,,
790,"воссеныс",2,,
791,"восси",3,,
792,"воссис",7,,
793,"воссисны",1,,
794,"воссисныс",2,,
795,"восстановитэмаась",1,"x",
796,"воссьы",2,,
797,"воссям",1,,
798,"воссяс",2,,
799,"вось-",2,,
800,"восьмёрка",2,"x",
801,"восьми…",1,"x",
802,"восьмидесяти",1,"x",
803,"восьмидесятого",1,"x",
804,"восьмидесятом",1,"x",
805,"восьмидесятые",1,"x",
806,"восьмидесятых",2,"x",
807,"восьмилетней",1,"x",
808,"восьмого",3,"x",
809,"восьмой",4,"x",
810,"восьмойын",1,"x",
811,"восьмом",2,"x",
812,"восьса",2,,
813,"восьтам",1,,
814,"восьтанныд",1,,
815,"восьтас",1,,
816,"восьтасны",1,,
817,"восьті",2,,
818,"восьтім",1,,
819,"восьтіс",2,,
820,"восьтісны",3,,
821,"восьтісныс",1,,
822,"восьтӧны",1,,
823,"восьты",2,,
824,"восьтыл",2,,
825,"восьтылісны",1,,
826,"восьтылісныс",1,,
827,"восьтыны",2,,
828,"восьтышлы",1,,
829,"восьтэ",1,,
830,"восьтэма",1,,
831,"восьтэны",1,,
832,"вося",4,,
833,"восянь",1,,
834,"восяэн",1,,
835,"вӧтасе",3,,
836,"вӧтаси",2,,
837,"вӧтасис",1,,
838,"вӧтась",1,,
839,"вӧтасьлі",1,,
840,"вӧтасьлывлы",1,,
841,"вӧтласьлы",1,,
842,"вӧтлысе",1,,
843,"вӧтлысь",1,,
844,"воттисиген",1,,
845,"вошйемаась",2,,
846,"вошйемась",1,,
847,"вошйылэмаась",1,,
848,"вошъемаась",1,,
849,"вошъемаэсь",1,,
850,"воысь",2,,
851,"все",24,"x",
852,"всё",155,"x",
853,"всё-таки",10,"x",
854,"всё-штаки",1,"x",
855,"всегда",1,"x",
856,"всего",10,"x",
857,"всеми",1,"x",
858,"всему",1,"x",
859,"всёравно",1,"x",
860,"всесоюзнӧй",1,"x",
861,"всех",2,"x",
862,"всёш",1,"x",
863,"встретитэмаась",1,"x",
864,"встречался",1,"x",
865,"встречасьыс",1,"x",
866,"всю",1,"x",
867,"всяк",1,"x",
868,"всякей",2,"x",
869,"всяко",2,"x",
870,"вугзьысема",1,,
871,"вуграсьнысэ",1,,
872,"вуджедэмаась",1,,
873,"вуджӧдӧмаась",1,,
874,"вуджӧдӧмаӧсь",1,,
875,"вудзеда",1,,
876,"вудзедалім",1,,
877,"вудзеді",1,,
878,"вудзедны",3,,
879,"вудзеднысэ",1,,
880,"вудзедысьяс",2,,
881,"вудзедэма",1,,
882,"вудзедэмаась",1,,
883,"вудзедэмыд",1,,
884,"вудзис",1,,
885,"вузалэмаась",1,,
886,"вузасемсэ",1,,
887,"вузасим",2,,
888,"вузасис",1,,
889,"вузась",1,,
890,"вузасьлыылім",1,,
891,"вузасьысьыс",1,,
892,"вузялі",2,,
893,"вунэдчысе",1,,
894,"вунэдчыси",4,,
895,"вуремаась",1,,
896,"вурсе",3,,
897,"вурсеныс",4,,
898,"вурси.",1,,
899,"вурсис",2,,
900,"вурсьӧны",1,,
901,"вурсьы",2,,
902,"вурсьынысэ",1,,
903,"вурся",2,,
904,"вурсян",1,,
905,"вурсяс",1,,
906,"вуусянь",2,,
907,"входится",1,"x",
908,"вывсим",1,,
909,"вывсьыс",1,,
910,"вывтiасьны",2,,
911,"вывтіасьны.",1,,
912,"выимесь",1,,
913,"выимӧсь",1,,
914,"выйимесь",1,,
915,"выйимэсь",2,,
916,"выймесь",1,,
917,"выйымась",1,,
918,"выйымесь",114,,
919,"выйымесь-",1,,
920,"выйымӧсь",10,,
921,"вылись",1,,
922,"вылыссьыс",1,,
923,"вылысь",14,,
924,"выльысь",5,,
925,"вынаэсь",3,,
926,"вынсёоны",1,,
927,"вынсялэны",1,,
928,"вынужденэсь",1,"x",
929,"выпишитэмаась",1,"x",
930,"выселитісны",1,"x",
931,"выселитісныс",1,"x",
932,"выселитэмаась",1,"x",
933,"высьт",1,"x",
934,"высянь",2,,
935,"выысьыд",1,,
936,"выысьыс",6,,
937,"выысянь",6,,
938,"выысяньыс",3,,
939,"вэсьтас",1,,
940,"вэтлэмаась",1,,
941,"гажаэсь",2,,
942,"гажӧдӧмысь",1,,
943,"гажтэмсис",1,,
944,"гажтэмсян",1,,
945,"газет",5,"x",
946,"газетакед",1,"x",
947,"газетанас",1,"x",
948,"газетас",1,"x",
949,"газетасэ",1,,
950,"газетаяс",1,"x",
951,"газете",1,"x",
952,"газетсьыс",1,"x",
953,"газетсэ",2,"x",
954,"газетъяс",2,"x",
955,"газетъяснад",1,"x",
956,"газеты",1,"x",
957,"гамсьыс",2,,
958,"гамсянь",4,,
959,"гамсяньыс",1,,
960,"гамысь",9,,
961,"гарттясе",1,,
962,"гезьен",1,,
963,"гектарсьыс",2,"x",
964,"гектарысь",1,"x",
965,"геннадьевналысь",1,"x",
966,"герасимович",2,"x",
967,"гидсяньыс",1,,
968,"гижемаась",2,,
969,"гижсе",1,,
970,"гижсим",3,,
971,"гижсинныд",2,,
972,"гижсьылінныд",1,,
973,"гижсьыны",2,,
974,"гижсьынысэ",1,,
975,"гижысь",1,,
976,"гижысьяс",2,,
977,"гижысьяслэн",1,,
978,"говорились",1,"x",
979,"говорится",5,"x",
980,"говориться",1,"x",
981,"годасянь",1,"x",
982,"гӧднэесь",5,"x",
983,"годсянь",1,"x",
984,"годсяньыс",1,"x",
985,"гожемсьыс",1,,
986,"гожся",5,,
987,"гожсянінэ",2,,
988,"гӧнаэсь",1,,
989,"гӧнсяньыс",1,,
990,"гӧнысь",1,,
991,"гӧрдэсь",1,,
992,"гӧреысь",2,,
993,"городаысь",1,"x",
994,"городсянь",1,"x",
995,"городъясысь",1,"x",
996,"гороскопсьыс",1,"x",
997,"гортсянь",1,,
998,"гортысь",1,,
999,"горькейсьыс",1,"x",
1000,"гостеприёмнэесь",1,"x",
1001,"гӧститӧдӧмаась",1,"x",
1002,"госуниверситетысь",1,"x",
1003,"гӧсь",7,"x",
1004,"гӧсьтес",2,"x",
1005,"гӧсьти",4,"x",
1006,"гӧсьтитам",1,"x",
1007,"гӧсьтитны",3,"x",
1008,"гӧсьтитӧдны",2,"x",
1009,"гӧсьтитӧдӧны",1,"x",
1010,"гӧсьтитӧны",1,"x",
1011,"гӧсьтлы",1,"x",
1012,"гӧсьтъяс",1,"x",
1013,"гӧсьяслы",1,"x",
1014,"гӧсьясэс",1,"x",
1015,"гӧтевесь",1,"x",
1016,"гӧтрасе",4,,
1017,"гӧтрасема",3,,
1018,"гӧтрасемаась",2,,
1019,"гӧтрасены",1,,
1020,"гӧтраси",4,,
1021,"гӧтрасин",2,,
1022,"гӧтрасинныд",2,,
1023,"гӧтрасис",5,,
1024,"гӧтрасисныс",1,,
1025,"гӧтрасьлыны",1,,
1026,"гӧтрасьлэма",2,,
1027,"гӧтрасьлэмаась",1,,
1028,"гӧтрасьны",5,,
1029,"гӧтрасьнысэ",1,,
1030,"гӧтрасьӧм",1,,
1031,"гӧтрасьӧма",4,,
1032,"гӧтрасьтӧм",1,,
1033,"гӧтрася",1,,
1034,"гӧтрасялісны",1,,
1035,"гӧтрасялісныс",1,,
1036,"гӧтрасян",1,,
1037,"гӧтрасясны",1,,
1038,"гӧтрасясныс",3,,
1039,"гӧтэвейсьыс",1,"x",
1040,"гӧтэвесь",3,"x",
1041,"гразнӧйӧсь",1,"x",
1042,"гразнэесь",1,"x",
1043,"грамотнэйесь",1,"x",
1044,"грезитасны",1,"x",
1045,"грезнэесь",1,"x",
1046,"грезь",2,"x",
1047,"грузит",1,"x",
1048,"грузитам",1,"x",
1049,"грузитан",1,"x",
1050,"группаысь",1,"x",
1051,"гуасьӧны",1,,
1052,"гудрасьны",1,,
1053,"гудэкасьысей-зонмей",1,,
1054,"гусен",4,,
1055,"гуся-то",1,,
1056,"гусянінэ",1,,
1057,"гусясьысьяс",1,,
1058,"гыжсьыс",1,,
1059,"гымвидзеныс",1,,
1060,"гырысь",15,,
1061,"гырысьджык",1,,
1062,"гырысьджыкъяс",1,,
1063,"гырысьжыксӧ",1,,
1064,"гырысьыс",1,,
1065,"гырысьяс",1,,
1066,"дадьсьыс",4,,
1067,"даннӧйясысь",1,,
1068,"дас-сизим",2,,
1069,"дасысь",2,,
1070,"дась",5,,
1071,"дасьӧсь",1,,
1072,"дасьтам",1,,
1073,"дасьты",1,,
1074,"дасьтысьӧны",1,,
1075,"двухтысячного",1,"x",
1076,"двухтысячном",1,"x",
1077,"двухтысячных",1,"x",
1078,"двухтысячнэй",1,"x",
1079,"дебсе",1,,
1080,"дедколысь",1,,
1081,"деднумсянь",1,,
1082,"дельнэесь",1,,
1083,"дёлясянь",6,,
1084,"депзис",1,,
1085,"деревнясьыс",3,"x",
1086,"деревнясюнум",3,"x",
1087,"деревняысесь",1,"x",
1088,"деревняысь",2,"x",
1089,"десеть",6,"x",
1090,"десяти",3,"x",
1091,"десятикилометровей",1,"x",
1092,"десятки",1,"x",
1093,"десятого",2,"x",
1094,"десятое",1,"x",
1095,"десятой",2,"x",
1096,"десятом",1,"x",
1097,"десятым",2,"x",
1098,"десять",1,"x",
1099,"детдомысь",1,"x",
1100,"детинасьыс",1,"x",
1101,"детсадсянь",2,"x",
1102,"деятэй-десятэй",1,"x",
1103,"джаджсьыс",4,,
1104,"джуджыдэсь",3,,
1105,"дзеб",1,,
1106,"дзебам",2,,
1107,"дзебас",2,,
1108,"дзебема",3,,
1109,"дзебемаась",2,,
1110,"дзеби",1,,
1111,"дзебим",1,,
1112,"дзебис",2,,
1113,"дзебны",2,,
1114,"дзебсемаась",1,,
1115,"дзебсис",1,,
1116,"дзебсьыны",3,,
1117,"дзебсьышта,",1,,
1118,"дзебсялам",1,,
1119,"дзебсясисны",1,,
1120,"дзебыгас",1,,
1121,"дзёля",2,,
1122,"дзеныд",1,,
1123,"дзеньыд",1,,
1124,"дзидз",1,,
1125,"дзик",41,,
1126,"дзикедз",4,,
1127,"дзикӧдз",2,,
1128,"дзимляла",2,,
1129,"дзимлялам",2,,
1130,"дзимлялі",1,,
1131,"дзимлялэмсэ",1,,
1132,"дзимлясе",4,,
1133,"дзимлясьны",2,,
1134,"дзип",1,,
1135,"дзир",2,,
1136,"дзирдавны",1,,
1137,"дзодзегъяссэ",2,,
1138,"дзолиндзик",9,,
1139,"дзолиндзика",1,,
1140,"дзоляась",6,,
1141,"дзоляддзасянь",1,,
1142,"дзолядыръясь",1,,
1143,"дзоляндзик",2,,
1144,"дзоляӧсь",1,,
1145,"дзолясянь",12,,
1146,"дзӧлясянь",1,,
1147,"дзолясяньыс",3,,
1148,"дзоляэсь",1,,
1149,"дзоньвидзаӧсь",1,,
1150,"дзоридзьяс",1,,
1151,"диалектысь",1,"x",
1152,"диссертациятӧ",1,"x",
1153,"діюрысь",1,,
1154,"добреесь",3,"x",
1155,"добрейджыкесь",1,"x",
1156,"доволенӧсь",1,"x",
1157,"дӧвӧльнэесь",1,"x",
1158,"догадаешься",1,"x",
1159,"договорились",1,"x",
1160,"додьсьыс",1,,
1161,"долженӧсь",2,"x",
1162,"долженэсь",3,"x",
1163,"домасьны-лямкаасьны",1,,
1164,"дӧнзедіс",1,,
1165,"дӧнзисис",2,,
1166,"дӧнзяс",2,,
1167,"допытывайтэмаась",1,"x",
1168,"дорасэсь",1,,
1169,"дорсьыс",6,,
1170,"дорся",2,,
1171,"дорсяньыс",2,,
1172,"дорысь",5,,
1173,"доскаться",1,"x",
1174,"дрессянка",1,"x",
1175,"другасим",1,"x",
1176,"друззяяс",1,"x",
1177,"друзьями",2,"x",
1178,"друзьях",1,"x",
1179,"друзьяяс",1,"x",
1180,"думайтэмаась",1,"x",
1181,"думаысь",1,"x",
1182,"дуся-то",1,"x",
1183,"дусяыс",1,"x",
1184,"дырйисянь",1,,
1185,"дырмысь",1,,
1186,"дырсяньыс",1,,
1187,"дыръясь",4,,
1188,"дыръясьыс",9,,
1189,"дяделысь",1,,
1190,"дяднаыдлысь",1,,
1191,"дяднаясэлысь",1,,
1192,"ёртасис",1,,
1193,"ёртасьны",1,,
1194,"ёртасьӧм",1,,
1195,"ёртасьӧмъяс",1,,
1196,"ёртъясысь",1,,
1197,"есь",4,"x",
1198,"ефросиння",2,"x",
1199,"жарасе",2,"x",
1200,"жаресь",1,"x",
1201,"жебындзик",1,,
1202,"женился",1,"x",
1203,"женится",2,"x",
1204,"жертвуйтэмаась",1,"x",
1205,"жугласе",1,,
1206,"жугласис",1,,
1207,"журналысь",1,"x",
1208,"завезитісны",1,"x",
1209,"зависит",1,"x",
1210,"зависитӧ.",1,"x",
1211,"зависитэ",5,"x",
1212,"заводитэмаась",1,"x",
1213,"заготовкаысь",1,"x",
1214,"заготовкаяссьыс",1,"x",
1215,"закостенелэесь",1,"x",
1216,"закупитэмаась",1,"x",
1217,"зампредседателя",1,"x",
1218,"занимайтчемаась",1,"x",
1219,"занимаются",2,"x",
1220,"занятӧсь",1,"x",
1221,"запись",1,"x",
1222,"записьыс",1,"x",
1223,"записьяс",1,"x",
1224,"запишитэмаась",1,"x",
1225,"запомнитэмаась",1,"x",
1226,"запутаюсь",1,"x",
1227,"запчасьт",1,"x",
1228,"заразитінныд",1,"x",
1229,"заразитчыны",1,"x",
1230,"заслушался",1,"x",
1231,"збыльысь",2,,
1232,"здесь",7,"x",
1233,"зей",1,,
1234,"зеленоватэй",1,"x",
1235,"зелёнӧй",1,"x",
1236,"зелень",1,"x",
1237,"зеленьыс",1,"x",
1238,"зёлля",6,,
1239,"зель",1,,
1240,"зёль",1,,
1241,"зельдь",3,,
1242,"земле",1,"x",
1243,"земли",1,"x",
1244,"землю",2,"x",
1245,"земля",13,"x",
1246,"земля-мати",1,"x",
1247,"земля-межаыс",1,"x",
1248,"земляаныс",1,"x",
1249,"земляас",1,"x",
1250,"земляниканас",1,"x",
1251,"земляникасэ",1,"x",
1252,"землянумес",3,"x",
1253,"землясэ",2,"x",
1254,"землячка",1,"x",
1255,"земляын",2,"x",
1256,"земляыс",2,"x",
1257,"земляэ",5,"x",
1258,"земляэдзыс",1,"x",
1259,"земляясаныс",1,"x",
1260,"земляясныс",1,"x",
1261,"земснарядъяс",3,"x",
1262,"зеркала",1,"x",
1263,"зерно",1,"x","check"
1264,"зерносэ",1,"x",
1265,"зерӧ",1,,"check"
1266,"зигедче",1,,
1267,"зикнитчи",1,,
1268,"зилля",4,,
1269,"зилля-",2,,
1270,"зилля-зёлля",3,,
1271,"зиль",1,,
1272,"зимней",3,"x",
1273,"зимнейяс",1,"x",
1274,"зимник",2,"x",
1275,"зимникъяс",1,"x",
1276,"зимникъяссэ",1,"x",
1277,"зимой",2,"x",
1278,"зинаида",2,"x",
1279,"зинайда",1,"x",
1280,"зиновьевна",1,"x",
1281,"зинон",6,"x",
1282,"зинонлэн",1,"x",
1283,"зинонсэ",1,"x",
1284,"зиноныс",1,"x",
1285,"зинсан",1,,
1286,"зинсанлэн",1,,
1287,"зинсансэ",1,,
1288,"зинсанэн",1,,
1289,"зӧсим",9,,
1290,"зырасе",1,,
1291,"зырасьны",2,,
1292,"зырэдэмаэсь",1,,
1293,"зьверлы",1,"x",
1294,"зьверсэ",2,"x",
1295,"зьверъяс",1,"x",
1296,"зьверъясӧн",1,"x",
1297,"зяте",1,"x",
1298,"зять",4,"x",
1299,"зятьлы",1,"x",
1300,"зятьлэн",1,"x",
1301,"зятьыс",1,"x",
1302,"зятьыслысь",1,"x",
1303,"ивановнасянь",1,"x",
1304,"ивукысь",1,,
1305,"идйысь",1,,
1306,"идрасе",1,,
1307,"ижмалаздорысь",6,,
1308,"ижмась",1,,
1309,"ижмасьыс",3,,
1310,"ижмасянь",5,,
1311,"ижмасяньыс",2,,
1312,"ижмаысь",11,,
1313,"ижмысь",1,,
1314,"издайтэмаась",1,"x",
1315,"изисныс",1,,
1316,"изйысь",1,,
1317,"изобразитэма",1,"x",
1318,"изосимович",1,"x",
1319,"изсе",1,,
1320,"изсьыс",1,,
1321,"изсянь",1,,
1322,"изумительнэесь",1,"x",
1323,"изь-",1,,
1324,"изьва",96,,
1325,"изьва-",1,,
1326,"изьваан",1,,
1327,"изьваас",2,,
1328,"изьваса",1,,
1329,"изьвасаяс",1,,
1330,"изьвасьыс",2,,
1331,"изьвасэ",1,,
1332,"изьватас",42,,
1333,"изьватас-а",1,,
1334,"изьватас-литературнэй",1,"x",
1335,"изьватас,",1,,
1336,"изьватаскед",1,,
1337,"изьватаслӧн",1,,
1338,"изьватассэ",4,,
1339,"изьватасъяс",2,,
1340,"изьватасын",1,,
1341,"изьватасыс",3,,
1342,"изьватасэн",2,,
1343,"изьваын",3,,
1344,"изюминка",1,"x",
1345,"иизьва",1,,
1346,"инась-",1,,
1347,"инасьӧ",1,,
1348,"интереснэесь",1,"x",
1349,"интересуешься",1,"x",
1350,"интернетысь",1,"x",
1351,"ираёльсянь",1,,
1352,"ираёльысь",1,,
1353,"исласьны",2,,
1354,"исласьӧны",1,,
1355,"испугалась",1,,
1356,"испугался",1,,
1357,"ичӧтсянь",2,,
1358,"ичэтдыръясь",1,,
1359,"йитчӧмаась",1,,
1360,"йитчӧмаӧсь",1,,
1361,"йӧзлысь",2,,
1362,"йӧзсьыс",2,,
1363,"йӧзыслысь",1,,
1364,"йӧктэмаась",1,,
1365,"йӧрасем",2,,
1366,"йӧрасисныс",1,,
1367,"йӧрасьны",1,,
1368,"йӧрасям",1,,
1369,"йӧрасясныс",3,,
1370,"йӧрсис",1,,
1371,"йывсьыд",8,,
1372,"йывсьым",1,,
1373,"йывсьыс",8,,
1374,"йылысь",66,,
1375,"йыысьыд",4,,
1376,"йыысьыныд",7,,
1377,"йыысьыс",12,,
1378,"йыысюнум",1,,
1379,"кадся",8,,
1380,"кадсянь",1,,
1381,"кадысь",1,,
1382,"казёо",2,,
1383,"казёолыныс",1,,
1384,"казьоолан",2,,
1385,"казьоолы",1,,
1386,"казьооны",1,,
1387,"казьтін",1,,
1388,"казьтӧны",2,,
1389,"казьты-",1,,
1390,"казьтылам",1,,
1391,"казьтыласныс",1,,
1392,"казьтылім",2,,
1393,"казьтылны",1,,
1394,"казьтылӧны",1,,
1395,"казьтылыген",1,,
1396,"казьтылэ",1,,
1397,"казьтылэмъяс",1,,
1398,"казьтылэныс",1,,
1399,"казьтыны",1,,
1400,"казьтысьӧм",2,,
1401,"казьтысьӧмыс",1,,
1402,"казьтышлан",1,,
1403,"казьтышлэ",1,,
1404,"казьтэме",1,,
1405,"казьтэны",1,,
1406,"казяласныс",4,,
1407,"казялі",1,,
1408,"казялӧ",1,,
1409,"казялэ",1,,
1410,"казялэма",4,,
1411,"кайӧмаась",1,,
1412,"кайтысь",1,,
1413,"кальмозере",1,"x",
1414,"кальмоозеро",1,"x",
1415,"калэмаась",1,,
1416,"камандасьыс",1,"x",
1417,"каменкаысь",1,"x",
1418,"канадасьыс",1,"x",
1419,"карабсьыныс",1,"x",
1420,"карабсьыс",1,"x",
1421,"каралэмаась",2,,
1422,"каралэмаэсь",1,,
1423,"караысь",1,,
1424,"каремаась",7,,
1425,"каремась",2,,
1426,"карлэмаась",2,,
1427,"карольсьыс",1,"x",
1428,"карсе",9,,
1429,"карсис",1,,
1430,"карсисныс",1,,
1431,"карсьыны",2,,
1432,"карсян",2,,
1433,"карсяньыс",1,,
1434,"картафельысь",1,"x",
1435,"картэмесь",1,,
1436,"карысе",1,,
1437,"карысь-олысь",1,,
1438,"карысьыс",3,,
1439,"карысьяс",1,,
1440,"кассета",1,"x",
1441,"кассетаыс",1,"x",
1442,"кассян",1,"x",
1443,"кассяна",14,"x",
1444,"кассянаӧн-а.",1,"x",
1445,"кассянсӧ",1,"x",
1446,"кассяныс",1,"x",
1447,"катайтчемась",1,,
1448,"катлысис",1,,
1449,"катлысьясыс",1,,
1450,"катлысям",1,,
1451,"катлэмаась",1,,
1452,"катысьясыслы",1,,
1453,"квайтӧдсянь",2,,
1454,"квайтсёсянь",1,,
1455,"кедваысь",1,,
1456,"кежсьыс",1,,
1457,"кепысь",2,,
1458,"кепысьсӧ",1,,
1459,"кепысьяс",1,,
1460,"кепыся",2,,
1461,"кепысясь",1,,
1462,"керасьыс",1,,
1463,"керкаводзе",1,,
1464,"керкаводзсяньыс",2,,
1465,"керкасьыс",4,,
1466,"керкасюнум",1,,
1467,"керкасянь",2,,
1468,"керкасяньыс",1,,
1469,"керкаысь",3,,
1470,"керкаэдзис",1,,
1471,"керкаяссьыс",1,,
1472,"керкаясысь",2,,
1473,"керъясысь",1,,
1474,"киасим",2,,
1475,"киасьны",2,,
1476,"кипиевасяньыс",1,,
1477,"кипиевоысь",1,,
1478,"кипомысь",1,,
1479,"кирпичысь",2,,
1480,"кисель",3,"x",
1481,"кисельсэ",1,"x",
1482,"кисельыс",1,"x",
1483,"кисельяс",1,"x",
1484,"киссе",1,,
1485,"киссеныс",1,,
1486,"киссис",5,,
1487,"киссьӧ",1,,
1488,"киссьыны",4,,
1489,"киссяс",1,,
1490,"кись",3,,
1491,"кисьта",1,,
1492,"кисьталасны",2,,
1493,"кисьталіс",1,,
1494,"кисьтан",2,,
1495,"кисьтасим",1,,
1496,"кисьтасны",1,,
1497,"кисьтіс",1,,
1498,"кисьтӧны",1,,
1499,"кисьты",2,,
1500,"кисьтэмаась",1,,
1501,"кисьтэнысэ",1,,
1502,"киысь",1,,
1503,"киысь-кие",2,,
1504,"классянь",2,,
1505,"класъсянь",1,,
1506,"класъяссянь",1,,
1507,"клубникасис",1,,
1508,"клубсянь",1,,
1509,"клюкваысь",1,,
1510,"коддьысема",1,,
1511,"кодемāсь",1,,
1512,"кӧдзены",1,,
1513,"кӧдзис",1,,
1514,"кӧдзисны",1,,
1515,"кӧдзыдӧсь",2,,
1516,"кӧдзыдсьыс",1,,
1517,"кодісянь",2,,
1518,"кодлысь",3,,
1519,"кодлыське",2,,
1520,"кодсюре",2,,
1521,"кодсянь",1,,
1522,"кодъяслысь",1,,
1523,"кодыське",2,,
1524,"кодысьлысянькӧ",1,,
1525,"козин",2,,
1526,"козин,",1,,
1527,"козинъяс",1,,
1528,"козьнавны",1,,
1529,"козьналiсны",1,,
1530,"козьналанныд",1,,
1531,"кӧзяев",1,"x",
1532,"кӧзяеваыс",1,"x",
1533,"кӧзяинсэ",1,"x",
1534,"кӧзяинъясыс",1,"x",
1535,"кӧзяйка",5,"x",
1536,"кӧзяйкалунсэ",1,"x",
1537,"кӧзяйкалы",1,"x",
1538,"кӧзяйкалэн",1,"x",
1539,"кӧзяйканум",1,"x",
1540,"кӧзяйканыссэ",1,"x",
1541,"кӧзяйкаыс",3,"x",
1542,"кӧзяйкаыслы",1,"x",
1543,"кӧзяйкаыслысь",1,"x",
1544,"кӧзяйственнӧй",1,"x",
1545,"козяйству",1,"x",
1546,"кӧзяственнэй",1,"x",
1547,"койдесь",1,,
1548,"койдэсь",3,,
1549,"коймедысь",1,,
1550,"коксьыс",1,,
1551,"кӧкъямыссёӧдз",1,,
1552,"колвалаздорысь",1,,
1553,"колемаась",1,,
1554,"колемась",1,,
1555,"колемаэсь",1,,
1556,"коленосьыс",1,,
1557,"колкозсьыс",1,,
1558,"колльысян",1,,
1559,"колмозеро",1,"x",
1560,"колхозлысь",1,"x",
1561,"колхозсьыс",1,"x",
1562,"колхозсянь",1,"x",
1563,"колхозсяньыс",3,"x",
1564,"колхозысь",1,"x",
1565,"кӧлы-сясасныс",1,,
1566,"кӧлысь",7,,
1567,"колысьасьны",1,,
1568,"кӧлысьсэ",1,,
1569,"кӧлысьяс",2,,
1570,"кӧлысясим",1,,
1571,"кӧлысясьны",2,,
1572,"кӧлысясьны.",1,,
1573,"кӧмасис-пасьтасис",1,,
1574,"кӧмасяс-пасьтасяс",1,,
1575,"кӧмедім-пасьтэдім",1,,
1576,"коми-ижемецъясыслысь",1,"x",
1577,"комилаздорсянь",1,,
1578,"комиссия",1,"x",
1579,"комиссияыс",1,"x",
1580,"комиссияыслы",1,"x",
1581,"комисьыс",3,,
1582,"комиысь",3,,
1583,"комиэсь",1,,
1584,"кӧмкот-паськем",2,,
1585,"композиторлэн",1,"x",
1586,"комынысь",1,,
1587,"контактысь",1,"x",
1588,"кончилась",1,"x",
1589,"коосяс",1,,
1590,"кӧпысьясныс",1,,
1591,"кӧр-видедысь",1,,
1592,"кӧр-видедысьлы",1,,
1593,"кӧр-видедысьяс",4,,
1594,"корасем",1,,
1595,"корасены",1,,
1596,"корасеныс",1,,
1597,"корасигад",1,,
1598,"корасис",2,,
1599,"корасисны",3,,
1600,"корасисныс",4,,
1601,"корась",2,,
1602,"корасьны",14,,
1603,"корасьӧ",1,,
1604,"корасьӧм",1,,
1605,"корасьысьыс",1,,
1606,"кӧрдорсьыс",3,,
1607,"кореньяссяньнум",1,,
1608,"коресьсэ",2,,
1609,"коресьыс",1,,
1610,"кӧрласемась",2,,
1611,"корӧсен",1,,
1612,"корӧсь",1,,
1613,"корӧсясим",1,,
1614,"корсе",5,,
1615,"корсем",2,,
1616,"корсены",1,,
1617,"корсеныс",3,,
1618,"корси",3,,
1619,"корсин",1,,
1620,"корсинныд",1,,
1621,"корсь",4,,
1622,"корсьлы",1,,
1623,"корсьны",27,,
1624,"корсьны.",1,,
1625,"корсьӧ",3,,
1626,"корсьӧмыс",1,,
1627,"корсьӧны",1,,
1628,"кӧрсьыс",4,,
1629,"корсьысяс",1,,
1630,"корсюре",1,,
1631,"корсюрӧ",5,,
1632,"корся",2,,
1633,"корся-корся",1,,
1634,"корсялэ",1,,
1635,"корсям",1,,
1636,"корсян",2,,
1637,"корсянь",1,,
1638,"кӧрталэмаась",1,,
1639,"кӧртасе",2,,
1640,"кӧртасьны",1,,
1641,"кӧртысь",2,,
1642,"кӧръяслысь",1,,
1643,"кӧръясысь",1,,
1644,"коръясь",1,,
1645,"кӧрысь",2,,
1646,"корысьыс",1,,
1647,"корысьяс",1,,
1648,"корэсь",1,,
1649,"кӧсасясыс",2,,
1650,"косилка",1,"x",
1651,"косилкаяс",1,"x",
1652,"кӧслысьлін",1,,
1653,"кӧслысьлэмыд",1,,
1654,"костсьыс",1,,
1655,"коськын",1,,
1656,"косьмас",2,,
1657,"косьме",3,,
1658,"косьмис",1,,
1659,"косьта",3,,
1660,"кӧсьта",2,,
1661,"косьтанныд",1,,
1662,"косьтасны",3,,
1663,"косьтіыс",1,,
1664,"косьтыны",3,,
1665,"косьтыштасны",1,,
1666,"косьтэныс",2,,
1667,"косялісны",1,,
1668,"косялэ",1,,
1669,"косясьӧ",1,,
1670,"кӧтасис",1,,
1671,"кӧтась",2,,
1672,"кӧтасьӧмаӧсь",1,,
1673,"кӧтэдэмаась",1,,
1674,"красивая",1,"x",
1675,"красиво",1,"x",
1676,"красивый",1,"x",
1677,"краситны",1,"x",
1678,"краситчӧ",1,"x",
1679,"красноборыслысь",1,,
1680,"красноборысь",2,,
1681,"краснощельесьт",1,"x",
1682,"кресьтяна",1,"x",
1683,"крукасян",2,"x",
1684,"крукасянас",2,"x",
1685,"крукасянын",1,"x",
1686,"крукасянэ",1,"x",
1687,"ксения",1,"x",
1688,"ксюша",1,"x",
1689,"ксюшалэн",1,"x",
1690,"ксюшка",1,"x",
1691,"кувсис",1,,
1692,"кувсьӧма",4,,
1693,"кувсьыліс",1,,
1694,"кувсяс",1,,
1695,"кудзи",10,,
1696,"кудзсюре",1,,
1697,"кужысь",1,,
1698,"кузен",1,,
1699,"кузесь",2,,
1700,"кузь",33,,
1701,"кузь-кокаяс",1,,
1702,"кузьджык",3,,
1703,"кузьджыкес",1,,
1704,"кузьжык",1,,
1705,"кузьмис",1,,
1706,"кузьсэ",1,,
1707,"кузьта",6,,
1708,"кузьтаыс",1,,
1709,"кузя",65,,
1710,"кузяа",3,,
1711,"кузяла",4,,
1712,"кузянум",1,,
1713,"кузясэ",1,,
1714,"кузяыд",1,,
1715,"кузяыс",27,,
1716,"куим-нёльысь",1,,
1717,"куимсё",6,,
1718,"куимсё-нёльсё",1,,
1719,"куимсяныс",1,,
1720,"куимысь",12,,
1721,"куйимысь",1,,"fix"
1722,"куклаясыслысь",1,,
1723,"кулӧмдінысь",1,,
1724,"кулысь",3,,
1725,"кулысьяс",1,,
1726,"кульседіс",1,,
1727,"кульседлам",1,,
1728,"кульсим",1,,
1729,"кульсисныс",1,,
1730,"кульсьы",2,,
1731,"кулэмаась",2,,
1732,"куржайтэмаась",1,,"check"
1733,"курччасема",1,,
1734,"курччасьыс",1,,
1735,"курыдсьыс",1,,
1736,"кусьыс",1,,
1737,"кутасемысь",1,,
1738,"кутасям",1,,
1739,"кутчысе",1,,
1740,"кутчысис",1,,
1741,"кутшемесь",2,,
1742,"кутэмесь",1,,
1743,"кучемаась",1,,
1744,"кучемаэсь",1,,
1745,"кучысе",1,,
1746,"кучысема",1,,
1747,"кучыси",1,,
1748,"кучысис",3,,
1749,"кучысисны",3,,
1750,"кучысь",2,,
1751,"кучысьны",3,,
1752,"кучысяныс",1,,
1753,"кучысяс",1,,
1754,"кучысясныс",2,,
1755,"куштысеныс",1,,
1756,"куясысь",1,,
1757,"кывзызьнысӧ",1,,
1758,"кывзысьлi",2,,
1759,"кывзысьны",4,,
1760,"кывзысьӧмъяс",1,,
1761,"кывйысь",1,,
1762,"кывлысьлам",1,,
1763,"кывлысьласны",1,,
1764,"кыддзыслысь",1,,
1765,"кыддзысь",1,,
1766,"кыдзей",1,,
1767,"кыдзеке",4,,
1768,"кыдзи",142,,
1769,"кыдзикӧ",1,,
1770,"кыдзисюрӧ",1,,
1771,"кызедзыс",1,,
1772,"кызь",47,,
1773,"кызьӧд",1,,
1774,"кызьтэ",1,,
1775,"кызьысь",1,,
1776,"кызясе",3,,
1777,"кыйлэмаась",1,,
1778,"кыйлэмаэсь",1,,
1779,"кыйсе",1,,
1780,"кыйсьӧ",2,,
1781,"кыйсьыны",6,,
1782,"кыйсян",2,,
1783,"кыйысь",1,,
1784,"кыйысьыс",2,,
1785,"кыйысьяслӧн",1,,
1786,"кыксе",2,,
1787,"кыксё",5,,
1788,"кыксянь",1,,
1789,"кыкысь",13,,
1790,"кыкысьсэ",1,,
1791,"кылаась",1,,
1792,"кылэдэмаась",1,,
1793,"кылэмаэсь",1,,
1794,"кымынысь",4,,
1795,"кындзи?",1,,
1796,"кындзиыс",1,,
1797,"кынясим",1,,
1798,"кынясисныс",1,,
1799,"кыскавны-босьтны",1,,
1800,"кыскаси",1,,
1801,"кыскасьлі",1,,
1802,"кыскысе",1,,
1803,"кыскысям",1,,
1804,"кысь",8,,
1805,"кыське",25,,
1806,"кыськӧ",2,,
1807,"кысьнэ",1,,
1808,"кытысь",45,,
1809,"кытыське",6,,
1810,"кытыськӧ",3,,
1811,"кытысянь",3,,
1812,"кытэнэсь",1,,
1813,"кычесюре",1,,
1814,"кыызе",2,,
1815,"кыызысе",3,,
1816,"кыызысьны",1,,
1817,"кыызэмаась",1,,
1818,"кыылэмаась",1,,
1819,"кыысис",1,,
1820,"лöседны",2,,
1821,"лöседче",1,,
1822,"лöседэ",1,,
1823,"лавкаысь",1,"x",
1824,"лазаретсьыс",1,"x",
1825,"лайковысь",1,"x",
1826,"лапландияысь",1,"x",
1827,"лезитэ",1,,
1828,"лёкджыкесь",1,,
1829,"лёкендзикыс",1,,
1830,"лёкесь",7,,
1831,"лёкӧсь",2,,
1832,"лёксьынд",2,,
1833,"лессьыс",1,,
1834,"лесьыд",1,,
1835,"лечитэмась",1,,
1836,"листысь",1,,
1837,"лицензии",1,"x",
1838,"лицензирования",1,"x",
1839,"лицензию",1,"x",
1840,"личикаасьӧны",1,,
1841,"ловзьӧ",1,,
1842,"ловзьӧдны",1,,
1843,"ловзьӧдӧ",1,,
1844,"ловозераа",2,"x",
1845,"ловозераан",1,"x",
1846,"ловозеро",3,"x",
1847,"ловозероас",4,"x",
1848,"ловозеросьыс",1,"x",
1849,"ловозерского",1,"x",
1850,"ловозерскэй",1,"x",
1851,"лӧдзис",1,,
1852,"лойис-корсис",1,,
1853,"локсим",1,,
1854,"локталӧмаась",1,,
1855,"локтӧмаась",12,,
1856,"локтӧмаӧсь",1,,
1857,"локтысьяс",2,,
1858,"локтэмаась",15,,
1859,"ломтысе",1,,
1860,"ломтысьны",1,,
1861,"ломтысьнысэ",2,,
1862,"ломтысьыген",1,,
1863,"лоози",1,,
1864,"лоозисныс",1,,
1865,"лоозьы",1,,
1866,"лоозяс",1,,
1867,"лооясь",1,,
1868,"лоояэсь",1,,
1869,"лӧсед",3,,
1870,"лӧседа",1,,
1871,"лӧседаліс",1,,
1872,"лӧседам",2,,
1873,"лӧседан",1,,
1874,"лӧседас",3,,
1875,"лӧседасны",1,,
1876,"лӧседі",4,,
1877,"лӧседім",2,,
1878,"лӧседінныд",1,,
1879,"лӧседіс",6,,
1880,"лӧседісны",1,,
1881,"лӧседлі",1,,
1882,"лӧседлінныд",1,,
1883,"лӧседліс",1,,
1884,"лӧседлы",2,,
1885,"лӧседлэ",1,,
1886,"лӧседны",10,,
1887,"лӧседча",2,,
1888,"лӧседчены",1,,
1889,"лӧседчим",1,,
1890,"лӧседчэ",1,,
1891,"лӧседыгтыр",1,,
1892,"лӧседэ",4,,
1893,"лӧседэма",4,,
1894,"лӧседэмаыс",1,,
1895,"лӧседэны",2,,
1896,"лӧсеччы",1,,
1897,"лӧсеччыны",2,,
1898,"лӧсьӧдiсны",1,,
1899,"лӧсьӧдам",1,,
1900,"лӧсьӧдасны",1,,
1901,"лӧсьӧдісны",3,,
1902,"лӧсьӧдлiсны",1,,
1903,"лӧсьӧдны",3,,
1904,"лӧсьӧдӧ",3,,
1905,"лӧсьӧдӧма",4,,
1906,"лӧсьӧдӧмторъясӧс",1,,
1907,"лӧсьӧдӧмыс",1,,
1908,"лӧсьӧдӧны",4,,
1909,"лӧсьоо",1,,
1910,"лӧсьӧтім",1,,
1911,"лӧсьыд",2,,
1912,"лӧсьыдджык",1,,
1913,"лӧсявны",1,,
1914,"лӧсялі",1,,
1915,"лӧсялӧ",1,,
1916,"лӧсялӧ.",1,,
1917,"лӧсялэ",4,,
1918,"лӧсялэма",1,,
1919,"лоясь",1,,
1920,"лунвывсянь",1,,
1921,"лунвылысь",1,,
1922,"лунсьыс",1,,
1923,"лунысь",1,,
1924,"лыддьысе",6,,
1925,"лыддьысены",2,,
1926,"лыддьыси",1,,
1927,"лыддьысиген",1,,
1928,"лыддьысис",6,,
1929,"лыддьысисны",1,,
1930,"лыддьысьны",3,,
1931,"лыддьысьӧ",3,,
1932,"лыддьысьыслӧн",2,,
1933,"лыддьысьысь",1,,
1934,"лыемаась",2,,
1935,"лызинас",1,"x","check"
1936,"лыйлэмаась",1,,
1937,"лыйсисныс",1,,
1938,"лыйсьыны",2,,
1939,"лыйся",1,,
1940,"лыйсяс",1,,
1941,"лыскасян",1,,
1942,"лыскысь",1,,
1943,"лысьт",2,,
1944,"лысьта",1,,
1945,"лысьтан",1,,
1946,"лысьті",1,,
1947,"лысьтіс",2,,
1948,"лысьтлы",1,,
1949,"лысьтныс",2,,
1950,"лысьты",2,,
1951,"лысьтыны",2,,
1952,"лысьтыныс",1,,
1953,"лысьтынысэ",1,,
1954,"лысьтышта",1,,
1955,"лысьтэ",1,,
1956,"лысьтэма",1,,
1957,"лытэчысь",1,,
1958,"лэбалысьяс",1,,
1959,"лэбзис",1,,
1960,"лэдзасе",2,,
1961,"лэдзасены",2,,
1962,"лэдзась",2,,
1963,"лэдзасьлы",4,,
1964,"лэдзе",3,,
1965,"лэдзема",2,,
1966,"лэдземыд",1,,
1967,"лэдзены",3,,
1968,"лэдзеныс",1,,
1969,"лэдзи",5,,
1970,"лэдзис",4,,
1971,"лэдзисны",6,,
1972,"лэдзисныс",7,,
1973,"лэдзысьяслӧн",1,,
1974,"лэччедемаась",1,,
1975,"лэччедэмаась",1,,
1976,"лэччемаась",1,,
1977,"лэччӧмаӧсь",1,,
1978,"любитысей",1,"x",
1979,"люся",3,"x",
1980,"люсяас",1,"x",
1981,"люсяыс",1,"x",
1982,"лям(е)каасьны",1,,
1983,"лямкаалэмаэсь",1,,
1984,"лямкаасе",2,,
1985,"лямкаасем",1,,
1986,"лямкааси",2,,
1987,"лямкаасисныс",2,,
1988,"лямкаасьны",3,,
1989,"лямкаасьнысэ",1,,
1990,"лямкаасян",2,,
1991,"лямкасьыс",1,,
1992,"ляпкыдджыкесь",1,,
1993,"лятиысь",1,,
1994,"мöдысь",1,,
1995,"магазин",3,"x",
1996,"магазинас",4,"x",
1997,"магазине",2,"x",
1998,"магазинкие",1,"x",
1999,"магазинын",3,"x",
2000,"магазинысь",2,"x",
2001,"магазинэ",2,"x",
2002,"макси-",1,,
2003,"максим",3,"x",
2004,"максимальнэ",1,"x",
2005,"максимовичлэн",1,"x",
2006,"максимовна",3,"x",
2007,"максимум",1,"x",
2008,"максимыс",1,"x",
2009,"маласе",2,,
2010,"малоземельская",1,"x",
2011,"малоземельскей",3,"x",
2012,"малысь",1,,
2013,"мальчаасеныс",1,,
2014,"мамелысь",1,,
2015,"мамесянь",1,,
2016,"мамеысь",1,,
2017,"мамлысь",1,,
2018,"мамсяне",6,,
2019,"мамсянь",2,,
2020,"мамсяньыс",2,,
2021,"мамыслысь",3,,
2022,"манси",12,"x",
2023,"мансиа",1,"x",
2024,"мансиаысь",1,"x",
2025,"мансийск",2,"x",
2026,"мансийскей",2,"x",
2027,"мансийскейнас",1,"x",
2028,"мансийскейсэ",1,"x",
2029,"мансийский",3,"x",
2030,"мансийского",1,"x",
2031,"мансийскын",1,"x",
2032,"мансиӧн",1,"x",
2033,"мансиса",1,"x",
2034,"мансияын",1,"x",
2035,"маруся",1,"x",
2036,"марьялысь",2,"x",
2037,"маскируччемась",1,,
2038,"масьтер",1,"x",
2039,"масьяс",1,,
2040,"матвейлысь",1,"x",
2041,"материалсьыс",1,"x",
2042,"материалысь",1,"x",
2043,"матынэсь",1,,
2044,"матысмӧмысь",1,,
2045,"матыссим",2,,
2046,"матыссины",1,,
2047,"матыссяс",1,,
2048,"матьтысе",1,,
2049,"матьтысь",1,,
2050,"матьтысьлы",1,,
2051,"машинасьыс",1,"x",
2052,"машкуритчысьысьлы",1,,
2053,"машкуритчысьяссӧ",1,,
2054,"медводдзаысь",2,,
2055,"медводдзаысь,",1,,
2056,"медводзаысь",1,,
2057,"медводзысь",1,,
2058,"меддзёлья",1,,
2059,"медпӧрысь",1,,
2060,"медсьöктаджык",1,,
2061,"медся",37,,
2062,"медсясэ",6,,
2063,"межанумсюм",1,,
2064,"межасьыс",1,,
2065,"межаысь",1,,
2066,"мезень",2,,
2067,"мезеньын",1,,
2068,"мекси",1,,
2069,"мексика",1,"x",
2070,"мексикаас",1,"x",
2071,"мексикаын",1,"x",
2072,"менсьым",4,,
2073,"менсюм",10,,
2074,"месец",1,"x",
2075,"месеч",10,"x",
2076,"месечсэ",1,"x",
2077,"месечча",1,"x",
2078,"местасьыс",2,"x",
2079,"месьым",1,,
2080,"месюм",6,,
2081,"меся",3,,
2082,"месяне",1,,
2083,"месяньӧ",1,,
2084,"месяц",6,"x",
2085,"месяца",2,"x",
2086,"месяце",1,"x",
2087,"месяцев",1,"x",
2088,"месяцӧн",1,"x",
2089,"месяцъясэн",1,"x",
2090,"месяцысь",1,"x",
2091,"мештвуйтэмась",1,,
2092,"меысь",3,,
2093,"мизерная",1,"x",
2094,"мизернэй",3,"x",
2095,"мизим",1,"x",
2096,"мизинец",1,"x",
2097,"мисьтэм",3,,
2098,"мисьтэма",3,,
2099,"мисьтэмесь",1,,
2100,"мисюнум",1,,
2101,"мися",17,,
2102,"митяэсь",1,,
2103,"мифологизируйтны",1,"x",
2104,"мифологизируйтчис",1,"x",
2105,"мичаӧсь",1,,
2106,"мичаэсь",1,,
2107,"миянлысь",6,,
2108,"миянсюнум",3,,
2109,"миянтысьтӧ",1,,
2110,"миянчумнысь",1,,
2111,"миянчунумлысь",1,,
2112,"миянчунумысь",1,,
2113,"миянысь",3,,
2114,"могысь",1,,
2115,"мӧдар-югыдысь",1,,
2116,"мӧдлаысь",1,,
2117,"мӧдӧдчисьӧ",1,,
2118,"модорсяньыс",1,,
2119,"мӧдсикас",1,,
2120,"мӧдысь",7,,
2121,"мӧдэдысьсэ",1,,
2122,"мӧдэмаась",1,,
2123,"мӧймися",1,,
2124,"молодэесь",1,"x",
2125,"мольыддзыкесь",1,,
2126,"моресянь",1,"x",
2127,"моресяньыс",1,"x",
2128,"мореысь",3,"x",
2129,"морозец",1,"x",
2130,"мортлысь",1,,
2131,"мортыслысь",1,,
2132,"мӧскваысь",1,"x",
2133,"мӧссьыс",1,,
2134,"мӧсъяссьыс",1,,
2135,"мохчасьыс",1,,
2136,"мохчаысь",7,,
2137,"мохчаысь,",1,,
2138,"мошьюгаысь",1,,
2139,"му-рузе",1,,
2140,"мудзеныс",1,,
2141,"мужиксьыс",1,,
2142,"мужиксяньыс",1,,
2143,"музейын",7,,
2144,"мукеддыръясь",6,,
2145,"мукедыръясис",1,,
2146,"мукедыръясь",1,,
2147,"мукӧддыръясь",1,,
2148,"мукӧдсьыс",1,,
2149,"мукэддыръясь",1,,
2150,"муналэмаась",1,,
2151,"мунлӧмаась",2,,
2152,"мунлэмаась",4,,
2153,"мунӧмаась",3,,
2154,"мунӧмаӧсь",1,,
2155,"мунтэмесь",2,,
2156,"мунысь",1,,
2157,"мунэмаась",7,,
2158,"мурманскысь",1,"x",
2159,"мурске-сёе",1,,
2160,"мусьыс",1,,
2161,"мусянь",1,,
2162,"мыдзема",1,,
2163,"мыдзисныс",1,,
2164,"мыекаремаась",1,,
2165,"мыйкаремаась",1,,
2166,"мыйкеасьыс",1,,
2167,"мыйкекаремаась",1,,
2168,"мыйкелысь",1,,
2169,"мыйкесьыс",1,,
2170,"мыйкеысь",1,,
2171,"мыйкеяссьыс",1,,
2172,"мыйсюресэ",1,,
2173,"мыйсянь",1,,
2174,"мыйсяньке",2,,
2175,"мыйысь",13,,
2176,"мыйыськӧ",1,,
2177,"мыкеддыръясь",1,,
2178,"мыкыртчемаась",1,,
2179,"мынтысьны",2,,
2180,"мынтысям",1,,
2181,"мыссе",1,,
2182,"мысси",1,,
2183,"мыссьы",1,,
2184,"мыссьыны",2,,
2185,"мыссясны",1,,
2186,"мысь",2,,
2187,"мыськалам",1,,
2188,"мыськам",1,,
2189,"мыськан",2,,
2190,"мыськан-а",1,,
2191,"мыськас",1,,
2192,"мыськема",1,,
2193,"мыськеныс",1,,
2194,"мыськи",1,,
2195,"мыськисныс",1,,
2196,"мыськӧны",2,,
2197,"мыськыны",4,,
2198,"мыськынысэ",1,,
2199,"мыськыштін",1,,
2200,"мысьласьны",3,,
2201,"мысьлася",3,,
2202,"мысьти",3,,
2203,"мысьті",4,,
2204,"мысьтэн",2,,
2205,"мышкысь",2,,
2206,"навязывается",1,"x",
2207,"наградитэмаась",1,"x",
2208,"нажевитэмаась",1,"x",
2209,"называется",3,"x",
2210,"назывались",1,"x",
2211,"называются",2,"x",
2212,"налысь",12,,
2213,"напримерысь",1,"x",
2214,"народсьыс-а",2,"x",
2215,"нарьян-марысь",1,"x",
2216,"населениекӧд",1,"x",
2217,"настялысь",1,"x",
2218,"нась",1,"x",
2219,"находится",1,"x",
2220,"начальникислысь",1,"x",
2221,"начинается",2,"x",
2222,"небось",2,"x",
2223,"небыдэсь",3,,
2224,"невыполнимеесь",1,"x",
2225,"независимость",1,"x",
2226,"незича",1,"x",
2227,"некыдзи",1,,
2228,"нёльзема",3,,"check"
2229,"нёльземась",1,,"check"
2230,"нельзя",8,"x",
2231,"нёльӧдсянь",3,,
2232,"нёльсё",3,,
2233,"нёльысь",1,,
2234,"нелямынысь",1,,
2235,"немевейся",2,"x",
2236,"неминучаысь",1,"x",
2237,"несьчассе",5,"x",
2238,"нефтепромыселас",1,"x",
2239,"низь",1,,
2240,"никодлысь",3,,
2241,"никодсянь",1,,
2242,"никодысь",1,,
2243,"никытысь",2,,
2244,"нимкодясь",1,,
2245,"нимкодясьӧ",1,,
2246,"нинэмысь",4,,
2247,"нинэмысь,",1,,
2248,"новгородысь",1,"x",
2249,"новоселлеяс",1,"x",
2250,"нӧйтэмаась",1,,
2251,"номйысь",2,,
2252,"ноолысьлэны",1,,
2253,"ноолэмаась",1,,
2254,"носиков",1,"x",
2255,"нравится",1,"x",
2256,"нужнэесь",1,"x",
2257,"нуклысь",1,"x",
2258,"нуӧдӧмась",1,,
2259,"нуӧдчисьӧ",2,,
2260,"нуэмаась",4,,
2261,"нывбабалысь",1,,
2262,"нывдырся",1,,
2263,"нылыслысь",1,,
2264,"нылысь",5,,
2265,"нырвизьсӧ",1,,
2266,"нырвизьяс",1,,
2267,"нырсьыс-вомсьыс",3,,
2268,"ныыдырся",2,,
2269,"ныылысь",1,,
2270,"ныысь",1,,
2271,"ныыся",1,,
2272,"ньӧбасе",1,,
2273,"ньӧбасеныс",2,,
2274,"ньӧйтэсь",1,,
2275,"ньӧӧясяс",1,,
2276,"нэмсянь",1,"x",
2277,"някалысе",3,,
2278,"няксемвольынсэ",1,,
2279,"няксимволь",1,,
2280,"няксимвольын",4,,
2281,"няксимволяс",1,,
2282,"няньтупӧсь",1,,
2283,"няньысь",2,,
2284,"нясьтимас",1,,
2285,"ӧбезяйттельна",1,"x",
2286,"областьясысь",1,"x",
2287,"обласьт",1,"x",
2288,"обласьтын",1,"x",
2289,"обнаружитэмаась",1,"x",
2290,"обязанэсь",1,"x",
2291,"овлысьясӧс",1,,
2292,"овмедчемаась",1,,
2293,"овмӧдiсны-лӧсьӧдiсны",1,,
2294,"овмӧдчалӧмаась",1,,
2295,"овмӧдчӧмаась",2,,
2296,"овмӧдчӧмаӧсь",1,,
2297,"овмӧдчӧмась",1,,
2298,"ӧдэсдінсьыс",3,,
2299,"ӧдэсдінсянь",1,,
2300,"ӧдэсдінысь",3,,
2301,"озера",2,"x",
2302,"озеро",3,"x",
2303,"озерояс-тыяс",1,"x",
2304,"озыресь",2,,
2305,"озырӧсь",1,,
2306,"озырэсь",1,,
2307,"оказывается",2,"x",
2308,"окасьны",1,,
2309,"ӧкмыссё",15,,
2310,"окотапырысь",1,,
2311,"окотапырысь…",1,,
2312,"округсьыс",1,"x",
2313,"округысь",2,"x",
2314,"ӧксинаас",1,,
2315,"ӧксинь",2,,
2316,"ӧлексе-",1,,
2317,"ӧлексее-",1,,
2318,"ӧлексеевка",1,"x",
2319,"ӧлексеевкаас",1,"x",
2320,"ӧлексей",3,"x",
2321,"олӧмаась",1,,
2322,"олӧмаӧсь",2,,
2323,"олӧмсьыс",1,,
2324,"олӧмысь",3,,
2325,"олысь",6,,
2326,"олысьсӧ",1,,
2327,"олысьыс",3,,
2328,"олысьыслэн",2,,
2329,"олысьяс",5,,
2330,"олыся",1,,
2331,"олысясӧ",1,,
2332,"олысяыс",1,,
2333,"олэмаась",6,,
2334,"олэмаась-вылэмаась",2,,
2335,"олэмсьыс",2,,
2336,"олэмысь",1,,
2337,"омӧликӧсь",1,,
2338,"омӧльсьыс",1,,
2339,"омӧльторсьыс",1,,
2340,"оомедчемаась",2,,
2341,"оомедчылэмаась",1,,
2342,"оосеныс",1,,
2343,"опасается",1,"x",
2344,"описьюнас",1,"x",
2345,"опоньлысь",1,"x",
2346,"опрось",2,"x",
2347,"орджоникидзе",1,"x",
2348,"ордысь",1,,
2349,"орессема",2,,
2350,"оригинальнӧйӧсь",1,"x",
2351,"орласи",1,,
2352,"орласис",1,,
2353,"орласисныс",1,,
2354,"ортсасе",1,,
2355,"ортсасемаась",1,,
2356,"ортсаси",1,,
2357,"ортсасьны",7,,
2358,"ортсасьнысэ",2,,
2359,"ортсасям",1,,
2360,"ортсасян",1,,
2361,"ортсасясныс",1,,
2362,"орэссемась",3,,
2363,"освоитэмаась",1,"x",
2364,"ӧседема",1,,
2365,"осина",1,,
2366,"ӧсипъяслысь",1,"x",
2367,"оставались",1,"x",
2368,"осталась",1,"x",
2369,"осталось",2,"x",
2370,"остался",1,"x",
2371,"ӧсь-",1,,
2372,"отберитэмаась",1,"x",
2373,"отделяется",1,"x",
2374,"ӧтікысь",1,,
2375,"ӧткойдесь",1,,
2376,"ӧткойдэсь",4,,
2377,"открылось",1,"x",
2378,"ӧтлаасемыс",1,,
2379,"ӧтлаасим",3,,
2380,"ӧтлаасисны",2,,
2381,"ӧтлаасьлісныс",1,,
2382,"ӧтлаасяс",2,,
2383,"ӧтлаасясныс",2,,
2384,"ӧтласисны",1,,
2385,"ӧтласисныс",1,,
2386,"относительнэй",1,"x",
2387,"относитісны",1,"x",
2388,"относитчам",1,"x",
2389,"относитче",1,"x",
2390,"относитчыны",1,"x",
2391,"оторвитэвчемась",1,"x",
2392,"отпускысь",1,"x",
2393,"ӧтпырысь",4,"x",
2394,"ӧтпырысьсэ",1,"x",
2395,"отравилась",1,"x",
2396,"отразитэмаась",1,"x",
2397,"отсасе",1,,
2398,"отсасема",1,,
2399,"отсасены",1,,
2400,"отсаси.",1,,
2401,"отсасинныд",3,,
2402,"отсасис",2,,
2403,"отсюда",2,"x",
2404,"ӧтчӧдысь",1,,
2405,"ӧтчыдысь",3,,
2406,"офонасий",1,"x",
2407,"офонасийыс",1,"x",
2408,"ошйысем",1,,
2409,"ошйысь",2,,
2410,"ошйысьнысэ",1,,
2411,"ошйысьӧны",1,,
2412,"ошкыслысь",2,,
2413,"ошся",1,,
2414,"ошъясыслысь",1,,
2415,"пöжасема",1,,
2416,"пöрысьджык",2,,
2417,"пагримысь",1,"x",
2418,"пажалусьта",1,"x",
2419,"пакесь",1,"x",
2420,"пандыась",1,,
2421,"панолысь",2,,
2422,"паныдaсян",1,,
2423,"паныдасьлӧмнас",1,,
2424,"паныдасьлыны",1,,
2425,"паныдасьӧны",1,,
2426,"папелысь",1,"x",
2427,"папесянь",1,,
2428,"папыссянь",1,,
2429,"парассяэс",1,,
2430,"парниксьыс",1,"x",
2431,"партиялысь",1,"x",
2432,"парусаэсь",2,"x",
2433,"пасей",1,,
2434,"пасен",1,,
2435,"пасибо",2,"x",
2436,"пасъясям",3,,
2437,"пась",5,,
2438,"пасьвартас",1,,
2439,"паськалi",1,,
2440,"паськалі",2,,
2441,"паськаліс",2,,
2442,"паськалӧма",2,,
2443,"паськалэма",1,,
2444,"паськалэмаась",1,,
2445,"паськеда",2,,
2446,"паськеді",1,,
2447,"паськедны",4,,
2448,"паськедэ",1,,
2449,"паськедэма",2,,
2450,"паськем",18,,
2451,"паськем-кӧлуйтӧ",1,,
2452,"паськем-торйыд",2,,
2453,"паськема",3,,
2454,"паськеме",1,,
2455,"паськемен",1,,
2456,"паськемес",2,,
2457,"паськемнаам",1,,
2458,"паськемнаас",3,,
2459,"паськемнас",2,,
2460,"паськемныс",1,,
2461,"паськемсэ",11,,
2462,"паськемъяс",4,,
2463,"паськемъяснаныс",1,,
2464,"паськемъяснум",1,,
2465,"паськемъясныссэ",1,,
2466,"паськемъясыс",1,,
2467,"паськемыд",1,,
2468,"паськемыс",6,,
2469,"паськид",3,,
2470,"пасько",1,,
2471,"паськӧді",1,,
2472,"паськӧдны",2,,
2473,"паськӧм",2,,
2474,"паськӧм-комкӧт",1,,
2475,"паськӧмнаныс",1,,
2476,"паськӧмӧ",2,,
2477,"паськӧмӧн",1,,
2478,"паськӧмтӧ",1,,
2479,"паськооны",1,,
2480,"паськыд",7,,
2481,"паськыдджыка",1,,
2482,"паськыддзыка",3,,
2483,"паськыдӧны",1,,
2484,"па̄сьпэ",2,"sjd",
2485,"пасьсэ",6,,
2486,"пасьт",1,,
2487,"пасьтöм",1,,
2488,"пасьта",5,,
2489,"пасьтав",1,,
2490,"пасьтала",1,,
2491,"пасьталам",1,,
2492,"пасьталасны",1,,
2493,"пасьталі",5,,
2494,"пасьталіс",1,,
2495,"пасьталісны",1,,
2496,"пасьталӧны",2,,
2497,"пасьтасе",1,,
2498,"пасьтасем",1,,
2499,"пасьтасема",4,,
2500,"пасьтасисны",1,,
2501,"пасьтасись",2,,
2502,"пасьтасьӧма",2,,
2503,"пасьтасьӧмаяс",2,,
2504,"пасьтасьӧмъясыс",1,,
2505,"пасьтасьӧны",6,,
2506,"пасьтася",2,,
2507,"пасьтасялам",1,,
2508,"пасьтасям",1,,
2509,"пасьтасясны",2,,
2510,"пасьтасясныс",1,,
2511,"пасьтӧдӧны",1,,
2512,"пасьтӧдӧныс",1,,
2513,"пасьтӧм",1,,
2514,"пасьтооны",3,,
2515,"пасьтоонысэ",1,,
2516,"пасьтэг",2,,
2517,"пасьтэгсэ",2,,
2518,"пасьтэдам",3,,
2519,"пасьтэдас",1,,
2520,"пасьтэдінныд",1,,
2521,"пасьтэдіс",1,,
2522,"пасьтэдны",1,,
2523,"пасьтэм",2,,
2524,"пасьяс",1,,
2525,"пасьяссэ",1,,
2526,"пасьясыс",1,,
2527,"пася-пима",1,,
2528,"пасясемаась",1,,
2529,"пасясеныс",1,,
2530,"пасясисныс",1,,
2531,"паузьӧнъяссӧ",1,"x",
2532,"пачсьыс",1,,
2533,"пачыслысь",1,,
2534,"педуниверситет",1,"x",
2535,"педуниверситетын",1,"x",
2536,"пейсят",20,"x",
2537,"пелесаэсь",2,,
2538,"пельпомсьыс",2,,
2539,"пельпомсюм",1,,
2540,"пеляэсь",2,,
2541,"пенси-",1,,
2542,"пенсионер",2,"x",
2543,"пенсия",14,"x",
2544,"пенсиятэг",1,"x",
2545,"пенсияыс",1,"x",
2546,"пенсять",1,"x",
2547,"первейысь",7,"x",
2548,"первойсянь",1,"x",
2549,"первойысь",1,"x",
2550,"первӧйысь",2,,
2551,"переворачивалось",1,"x",
2552,"перенеситісныс",1,"x",
2553,"перепутаются",1,"x",
2554,"перерабатывайтэмаась",1,"x",
2555,"переселитісны",1,"x",
2556,"переселитчи",1,"x",
2557,"переспроситас",1,"x",
2558,"пернапасасьӧны",1,"x",
2559,"песенник",4,"x",
2560,"песец",1,"x",
2561,"песецӧн",1,"x",
2562,"песечьясыс",1,"x",
2563,"пескасясны",1,,
2564,"песьня",2,"x",
2565,"песьняяс",1,"x",
2566,"песьняяссэ",1,"x",
2567,"петкедэмаась",2,,
2568,"петкедэмаэсь",1,,
2569,"петӧмась",1,,
2570,"петоолэмаась",1,,
2571,"петровналысь",1,"x",
2572,"петьдесят",1,"x",
2573,"петэмаась",2,,
2574,"петэмась",1,,
2575,"печераыслысь",1,,
2576,"печкысе",1,,
2577,"пидзе-",1,,
2578,"пидзессьыс",1,,
2579,"пидзесэдзыс",1,,
2580,"пиллёась",1,,
2581,"пиллёосьыд",1,,
2582,"пинясе",2,,
2583,"пинясем",1,,
2584,"пинясемсэ",1,,
2585,"пинясемыс",1,,
2586,"пинясьлы",1,,
2587,"пинясьны",4,,
2588,"пинясьысь",1,,
2589,"пиняся",1,,
2590,"пипулысь",3,,
2591,"писсяльысь",1,"x",
2592,"писькедлан",1,,
2593,"письковкед",1,,
2594,"письме",2,,
2595,"письмеяс",1,,
2596,"письмеяссэ",1,,
2597,"письмеясыс",1,,
2598,"письмӧас",2,,
2599,"пластинаысь",1,"x",
2600,"плесецк",2,"x",
2601,"по-соседству",1,"x",
2602,"пӧвесьсэ",1,"x",
2603,"повесьт",3,"x",
2604,"повесьтес",1,"x",
2605,"повесьтсэ",1,"x",
2606,"повесьть",2,"x",
2607,"повзьӧма",1,,
2608,"повисит",1,"x",
2609,"поврежденниеысь",1,"x",
2610,"погранвойскалысь",1,"x",
2611,"пограничникъяслысь",1,"x",
2612,"погрузитам",1,"x",
2613,"поддаётся",1,"x",
2614,"подменяться",1,"x",
2615,"подписен",1,"x",
2616,"пӧдругалысь",2,"x",
2617,"пӧжаръясысь",1,"x",
2618,"пӧжасе",1,,
2619,"пӧжасем",1,,
2620,"пӧжасемаась",1,,
2621,"пӧжасены",4,,
2622,"пӧжасигас",1,,
2623,"пӧжасисныс",1,,
2624,"пӧжасьнысэ",1,,
2625,"пӧжасьӧны",1,,
2626,"пӧжасьыгас",1,,
2627,"пӧжасьысьыс-пусьысьыс",1,,
2628,"пӧжасян",5,,
2629,"пӧжасяс",1,,
2630,"пӧжасясны",1,,
2631,"пожнясянь",1,,
2632,"пожнясяньыс",1,,
2633,"пожняысь",4,,
2634,"позе",115,,
2635,"позис",9,,
2636,"познакомились",2,"x",
2637,"познакомиться",1,"x",
2638,"позь",45,,
2639,"позьӧ",64,,
2640,"позьӧ.",1,,
2641,"позьыны",1,,
2642,"позяласныс",1,,
2643,"позям",1,,
2644,"позянлун",5,,
2645,"позянлуныс",2,,
2646,"позяс",6,,
2647,"показывается",1,"x",
2648,"покойниклысь",1,"x",
2649,"поколениеыслысь",1,"x",
2650,"пӧкрӧвсянь",1,"x",
2651,"полеводствосянь",1,"x",
2652,"полмесяца",1,"x",
2653,"полусидя",1,"x",
2654,"получается",1,"x",
2655,"получился",1,"x",
2656,"получкаысь",1,,
2657,"полэмаась",1,,
2658,"пӧлэсысь",2,,
2659,"помасем",2,,
2660,"помасин",1,,
2661,"помасипа",2,,
2662,"помасис",4,,
2663,"помась",2,,
2664,"помасьны",1,,
2665,"помасьӧ",3,,
2666,"помасьтӧм",1,,
2667,"помасясны",1,,
2668,"помласе",2,,
2669,"помлась",17,,
2670,"помласьыс",4,,
2671,"помнится",1,"x",
2672,"помозь",1,"x",
2673,"помсьыс",1,,
2674,"помсянь",1,,
2675,"помысь",4,,
2676,"понлысь",1,,
2677,"понмысь",1,,
2678,"поннасис",1,,
2679,"понсьыс",1,,
2680,"поозедлэны",1,,
2681,"поозедчан",1,,
2682,"поозедчы",1,,
2683,"поозем",1,,
2684,"поозема",1,,
2685,"поози",1,,
2686,"поозис",4,,
2687,"поозьы",3,,
2688,"поозям",1,,
2689,"поозян",2,,
2690,"поплысь",3,,
2691,"попыслысь",1,,
2692,"пӧрись",2,,
2693,"пӧрӧдӧмысь",1,,
2694,"порсь",5,,
2695,"пӧръедлысей",1,"x",
2696,"пӧръясемыдлы",1,"x",
2697,"пӧрыседз",1,,
2698,"пӧрысёо",1,,
2699,"пӧрысесь",4,,
2700,"пӧрысь",27,,
2701,"пӧрысьджык",6,,
2702,"пӧрысьджыкесь",2,,
2703,"пӧрысьджыкъяс",4,,
2704,"пӧрысьджыкъяслысь",1,,
2705,"пӧрысьлунъястэ",1,,
2706,"пӧрысьма",2,,
2707,"пӧрысьмасны",1,,
2708,"пӧрысьмема",1,,
2709,"пӧрысьмим",1,,
2710,"пӧрысьмис",2,,
2711,"пӧрысьмисны",2,,
2712,"пӧрысьмисныс",1,,
2713,"пӧрысьмышталім",1,,
2714,"пӧрысьтэм",1,,
2715,"пӧрысьыс",1,,
2716,"пӧрысьяс",5,,
2717,"пӧрысьяслысь",1,,
2718,"пӧрысьяссэ",1,,
2719,"пӧрысьясыс",5,,
2720,"пӧрэмась",1,,
2721,"пӧрэмаэсь",2,,
2722,"посё-",1,,
2723,"поселениеяссьыс",1,"x",
2724,"посёлкаа",1,"x",
2725,"посёлку",1,"x",
2726,"посёлок",9,"x",
2727,"посёлокас",4,"x",
2728,"посёлоке",2,,
2729,"посёлоксяньыс",1,"x",
2730,"посёлокъясас",1,"x",
2731,"посёлокъясыс",2,"x",
2732,"посёлокын",3,"x",
2733,"посиделки-то",1,"x",
2734,"посньыдӧсь",1,,
2735,"постарайся",1,"x",
2736,"постараться",1,"x",
2737,"пӧсь",3,,
2738,"посьледней",2,"x",
2739,"пӧсьти",1,"x",
2740,"похожӧсь",1,"x",
2741,"появляться",1,"x",
2742,"появляются",1,"x",
2743,"празьдник",1,"x",
2744,"празьник",11,"x",
2745,"празьнике",3,"x",
2746,"празьниксэ",2,"x",
2747,"празьникъяс",1,"x",
2748,"празьникъяссэ",2,"x",
2749,"празьникъясыс",1,"x",
2750,"празьникыскед",1,"x",
2751,"празьничайтны",2,"x",
2752,"предпенсионнэесь",1,"x",
2753,"предприятиеыслысь",1,"x",
2754,"председатель",2,"x",
2755,"презентация",1,"x",
2756,"президентскую",1,"x",
2757,"претензияяс",1,"x",
2758,"привыкнитэмаась",1,"x",
2759,"привыкшеесь",1,"x",
2760,"пригласит",1,"x",
2761,"пригодится.",1,"x","check"
2762,"признался",1,"x",
2763,"прикесьнит",1,"x",
2764,"принизитісны",1,"x",
2765,"приносил",1,"x",
2766,"приносили-то",1,"x",
2767,"притворяешься",1,"x",
2768,"приходится",1,"x",
2769,"программируйт-лӧсьӧд",1,"x",
2770,"продуктаысь",1,"x",
2771,"произносита",1,"x",
2772,"прӧмыссьыс",1,"x",
2773,"прӧмышляйтысь",1,"x",
2774,"просеитасныс",1,"x",
2775,"проситче",1,"x",
2776,"просундуйсьыс",1,"x",
2777,"прӧсундуйысь",1,"x",
2778,"просыпаюсь",1,"x",
2779,"прӧтивесь",1,"x",
2780,"прӧтивнэесь",1,"x",
2781,"профессии",1,"x",
2782,"профессию",1,"x",
2783,"процессе",1,"x",
2784,"псевдоним",2,"x",
2785,"психолигияыс",1,"x",
2786,"психологическӧй",1,"x",
2787,"психологию",1,"x",
2788,"психологияс",1,"x",
2789,"психологияыс",1,"x",
2790,"птицаяссьыс",1,"x",
2791,"птицаясысь",1,"x",
2792,"пувйысь",1,,
2793,"пузеда",1,,
2794,"пузедэны",1,,
2795,"пузедэныс",1,,
2796,"пузис",1,,
2797,"пузьӧдісны",1,,
2798,"пузьыны",1,,
2799,"пук(и)седа",1,,
2800,"пук(и)седла",1,,
2801,"пук(и)си",1,,
2802,"пукалэмаэсь",1,,
2803,"пуксе",2,,
2804,"пукседiсныс",2,,
2805,"пукседа",2,,
2806,"пукседам",2,,
2807,"пукседан",1,,
2808,"пукседас",1,,
2809,"пукседасны",1,,
2810,"пукседіс",2,,
2811,"пукседісны",3,,
2812,"пукседісныс",3,,
2813,"пукседны",5,,
2814,"пукседнысэ",1,,
2815,"пукседэма",1,,
2816,"пукседэныс",1,,
2817,"пуксема",4,,
2818,"пуксемась",1,,
2819,"пуксены",1,,
2820,"пукси",11,,
2821,"пуксим",5,,
2822,"пуксис",10,,
2823,"пуксисны",1,,
2824,"пуксисныс",2,,
2825,"пуксьӧда",1,,
2826,"пуксьӧдасны",1,,
2827,"пуксьӧдісны",2,,
2828,"пуксьӧдны",1,,
2829,"пуксьӧдӧма",1,,
2830,"пуксьӧдӧны",1,,
2831,"пуксьӧм",1,,
2832,"пуксьӧма",2,,
2833,"пуксьӧны",2,,
2834,"пуксьы",5,,
2835,"пуксьыла",1,,
2836,"пуксьылан",1,,
2837,"пуксьылі",1,,
2838,"пуксьыліс",3,,
2839,"пуксьыллы",1,,
2840,"пуксьыны",5,,
2841,"пуксьытэдз",1,,
2842,"пуксьытэдзыс",1,,
2843,"пукся",3,,
2844,"пуксялісны",1,,
2845,"пуксялэ",1,,
2846,"пуксям",2,,
2847,"пуксян",2,,
2848,"пуксянныд",1,,
2849,"пуксяс",3,,
2850,"пуксясны",2,,
2851,"пуксясныс",1,,
2852,"пуктанінсянь",2,,
2853,"пуктымаэсь",1,,
2854,"пуктысе",1,,
2855,"пунясьны",2,,
2856,"пуркъялысь",1,,
2857,"пусема",1,,
2858,"пусены",1,,
2859,"пусьӧны",1,,
2860,"пусьыны",2,,
2861,"пусян",1,,
2862,"пусяс",1,,
2863,"путяджыкесь",2,,
2864,"пуысь",9,,
2865,"пуясыслысь",1,,
2866,"пъятасюм",1,"x",
2867,"пывсьыны",1,,
2868,"пывсян",2,,
2869,"пывсянӧ",1,,
2870,"пывсянтӧ",1,,
2871,"пывсянь",1,,
2872,"пыдісяньджык",1,,
2873,"пызен",2,,
2874,"пызь",10,,
2875,"пызьсэ",1,,
2876,"пызьыс",1,,
2877,"пызьысь",2,,
2878,"пызьяссэ",3,,
2879,"пызяэсь",1,,
2880,"пыкся",1,,
2881,"пыремаась",1,,
2882,"пырзема",1,,
2883,"пыртлысены",1,,
2884,"пырысь",2,,
2885,"пырысьджык",1,,
2886,"пыссемен",1,,
2887,"пытшкысь",1,,
2888,"пышйӧмаась",2,,
2889,"пышъялэмаась",1,,
2890,"пыыседэ",1,,
2891,"пыысем",2,,
2892,"пыысим",3,,
2893,"пыысьылэ",1,,
2894,"пыысьыны",4,,
2895,"пыысьыныс",1,,
2896,"пыысьынысэ",1,,
2897,"пыысян",4,,
2898,"пыысянад",1,,
2899,"пыысянаныс",1,,
2900,"пыысянас",3,,
2901,"пыысянӧ",1,,
2902,"пыысянсэ",3,,
2903,"пыысяныс",1,,
2904,"пыысянэ",1,,
2905,"пыысясныс",1,,
2906,"пэддзисны",1,,
2907,"пятсять",1,"x",
2908,"пятьдесят",2,"x",
2909,"радӧсь",1,"x",
2910,"радпырысь",1,,
2911,"радсьыныс",1,,
2912,"радэсь",2,"x",
2913,"разбежитчемаась",1,"x",
2914,"разгорится",1,"x",
2915,"разе",1,,
2916,"разема",1,,
2917,"рази",3,,
2918,"разим",1,,
2919,"разис",5,,
2920,"разисны",1,,
2921,"разисныс",2,,
2922,"разнэйэсь",1,"x",
2923,"разревелась",1,"x",
2924,"разсис",1,,
2925,"разьлы",2,,
2926,"разьница",1,,
2927,"разьны",2,,
2928,"разьсьы",2,,
2929,"разялісны",1,,
2930,"разялэмаась",1,,
2931,"разясныс",1,,
2932,"райдозйысь",1,,
2933,"райкомсянь",1,"x",
2934,"районсьыс",2,"x",
2935,"районъяссьыс",1,"x",
2936,"районъясысь",1,"x",
2937,"районысь",9,"x",
2938,"раскулаченнэесь",1,"x",
2939,"раскулачитысьясыс",1,"x",
2940,"раскулачитэмаась",2,"x",
2941,"распыляется",1,"x",
2942,"рассчитался",2,"x",
2943,"рассчитаться",1,"x",
2944,"ратшкедасныс-сибедасныс",1,,
2945,"ревматизмысь,",1,"x","check"
2946,"регионъясысь",1,"x",
2947,"режиссёрскей",1,"x",
2948,"резинэвей",2,"x",
2949,"резюмеэс",1,"x",
2950,"риммалысь",1,,
2951,"рӧбитӧтсьӧ",1,"x",
2952,"рӧбитӧтсьы",2,"x",
2953,"рӧбитысьяс",4,"x",
2954,"рованимисянь",1,"x","name"
2955,"рӧдвужъясысь",1,,
2956,"родился",3,"x",
2957,"родительяслысь",1,"x",
2958,"родительясыслысь",1,"x",
2959,"рӧдиттемаась",1,"x",
2960,"рӧдитчемаась",2,"x",
2961,"рӧдитчемсянь",1,"x",
2962,"рӧдитчемсяньыс",1,"x",
2963,"рӧдсьыс",6,"x",
2964,"рӧдысь",4,"x",
2965,"рождаются",1,"x",
2966,"рожинлысь",2,"x",
2967,"розь",1,,
2968,"розьдино",1,,
2969,"розьдиноас",1,,
2970,"розьыс",1,,
2971,"рокйысь",2,,
2972,"романссяньыс",1,"x",
2973,"россии",3,"x",
2974,"российская",1,"x",
2975,"российскӧй",2,"x",
2976,"россия",1,"x",
2977,"россияас",2,"x",
2978,"россиясэ",1,"x",
2979,"россияын",4,"x",
2980,"россияыс",1,"x",
2981,"россияэ",1,"x",
2982,"росся",1,,
2983,"росьплетайтнысэ",1,"x",
2984,"росьть",1,"x",
2985,"рочасе",1,,
2986,"рочасей",1,,
2987,"рочасены",3,,
2988,"рочасьны",2,,
2989,"рочесь",1,,
2990,"рочьяслысь",1,,
2991,"рӧштвосянь",2,"x",
2992,"рудзег",6,,
2993,"рудзегсэ",1,,
2994,"рузе",1,,
2995,"рузедз",1,,
2996,"рузедыс",1,,
2997,"рузедысь",1,,
2998,"рузь",2,,
2999,"рузьсьыс",1,,
3000,"рузьтіыс",1,,
3001,"рузьыс",1,,
3002,"рузьяссэ",1,,
3003,"рузя",1,,
3004,"рузяс",9,,
3005,"рысакъяссяньыс",1,,
3006,"рыся",2,,
3007,"рытпукасьӧны",1,,
3008,"рытсяньыс",2,,
3009,"сiдзи",3,,
3010,"сiдзик",1,,
3011,"сiдзикӧн",2,,
3012,"сöгласиччисныс",1,"x",
3013,"садикынэсь",1,"x",
3014,"садиталэмаась",1,"x",
3015,"сажаӧсь",1,,
3016,"сайсяньыс",1,,
3017,"сайысь",7,,
3018,"салехардсьыс",1,"x","name"
3019,"салехардысь",1,"x","name"
3020,"самӧварысь",1,"x",
3021,"сандралысь",1,"x","name"
3022,"сарайсьыс",1,"x",
3023,"сарайсянь",1,"x",
3024,"сарапансянь",1,"x","name"
3025,"сарапульскысь",1,"x","name"
3026,"сбитӧны-сёрнитэны",1,"x","check"
3027,"сбится",1,"x",
3028,"свататься",2,"x",
3029,"светлэйысь",1,"x",
3030,"связь",1,"x",
3031,"связьыс",1,"x",
3032,"связьяс",1,"x",
3033,"се",3,,
3034,"сё",91,,
3035,"се-",3,,
3036,"сё-",3,,
3037,"сё-таки",1,"x",
3038,"себе",3,"x",
3039,"себя",1,"x",
3040,"север",1,"x",
3041,"северлаздоре",1,"x",
3042,"севернӧй",1,"x",
3043,"северные",1,"x",
3044,"северный",1,"x",
3045,"севернэй",1,"x",
3046,"севернэйяс",1,"x",
3047,"северодвинскас",1,"x","name"
3048,"северодвинскей",1,"x","name"
3049,"северодвинскысь",1,"x","name"
3050,"северын",1,"x",
3051,"севодня",1,"x",
3052,"сего",1,"x",
3053,"сегодня",3,"x",
3054,"седь",3,,
3055,"седьмого",7,"x",
3056,"седьмой",12,"x",
3057,"седьмом",6,"x",
3058,"сёе",5,,
3059,"сёема",3,,
3060,"сёемаась",1,,
3061,"сёены",7,,
3062,"сееныс",1,,
3063,"сёеныс",7,,
3064,"сееныс»",1,,
3065,"сезон",1,"x",
3066,"сезоннэй",1,"x",
3067,"сёиныс-юисныс",1,,
3068,"сёис",2,,
3069,"сей",1,,
3070,"сёй",2,,
3071,"сёйигӧн",1,,
3072,"сёйин",1,,
3073,"сёйис",2,,
3074,"сёйисны",2,,
3075,"сёйисныс",2,,
3076,"сейком'",1,,"check"
3077,"сёйлі",2,,
3078,"сейны",2,,
3079,"сёйны",19,,
3080,"сейны-юны",1,,
3081,"сейнынумес",2,,
3082,"сёйнысӧ",1,,
3083,"сёйнысэ",5,,
3084,"сёйӧ",3,,
3085,"сёйӧм",1,,
3086,"сёйӧны",2,,
3087,"сёйсе",1,,
3088,"сейсмозондирование",1,"x",
3089,"сёйсьыны",1,,
3090,"сёйсьыс",1,,
3091,"сёйсэ",1,,
3092,"сейчас",5,"x",
3093,"сёйыс",2,,
3094,"сёйысь",1,,
3095,"сёйысьыс",1,,
3096,"сёйышт-",1,,
3097,"сёйыштi",1,,
3098,"сёйышті",2,,
3099,"сёйыштім",2,,
3100,"сёйэны",1,,
3101,"сёкед",1,,
3102,"секрет",1,"x",
3103,"секретов",1,"x",
3104,"секреты",1,"x",
3105,"сёкур",2,,
3106,"сёкыкӧд",1,,
3107,"сел",1,"x",
3108,"села",1,"x",
3109,"селе",1,"x",
3110,"селётка",1,"x",
3111,"село",1,"x",
3112,"селоас",2,"x",
3113,"селооны",1,,
3114,"селоын",2,"x",
3115,"селоысь",1,"x",
3116,"селояс",1,"x",
3117,"селояссьыс",2,"x",
3118,"селоясын",1,"x",
3119,"селу",1,"x",
3120,"сельги",11,"x",
3121,"сельгиэн",1,"x",
3122,"сельди",1,"x",
3123,"селькей",1,"x",
3124,"сельпо",1,,
3125,"сельпоас",1,,
3126,"сельпоо",2,,
3127,"сельпоыс",2,,
3128,"сельскей",1,"x",
3129,"сельскоxозяйственнӧй",1,"x",
3130,"сельсково",1,"x",
3131,"сельскохозяйственнэй",1,"x",
3132,"сельскохозяственнэй",2,"x",
3133,"сельсоветын",1,"x",
3134,"сельсоветыс",1,"x",
3135,"сельсӧветыс",1,"x",
3136,"сельсоветысь",1,"x",
3137,"сельсӧветэ",1,"x",
3138,"сельсэветыс",1,"x",
3139,"сельхозпереработка",1,"x",
3140,"сем",2,"x",
3141,"семдесят",2,"x",
3142,"семе",3,"x",
3143,"семейнэй",4,"x",
3144,"семён",9,"x","name"
3145,"семёнович",6,"x","name"
3146,"семёновичлэн",1,"x",
3147,"семёновна",3,"x",
3148,"семёновналэн",1,"x",
3149,"семёновнаыскӧд",1,"x",
3150,"семёныс",1,"x",
3151,"семеро",1,"x",
3152,"семесят",8,"x",
3153,"семесятом",3,"x",
3154,"семидесятом",1,"x",
3155,"семидесятых",1,"x",
3156,"семилетка",1,"x",
3157,"семинар",2,"x",
3158,"семинарас",1,"x",
3159,"семинария",1,"x",
3160,"семӧ",1,"x",
3161,"семсет",1,"x",
3162,"семъя",1,"x",
3163,"семъянас",1,"x",
3164,"семъяысь",1,"x",
3165,"семъяясэн",1,"x",
3166,"семь",1,"x",
3167,"семьдесят",3,,
3168,"семье",3,"x",
3169,"семье-то",1,"x",
3170,"семьи",2,"x",
3171,"семьсот",2,"x",
3172,"семьсят",1,"x",
3173,"семья",24,"x",
3174,"семьяан",2,"x",
3175,"семьяаныд",1,"x",
3176,"семьяас",4,"x",
3177,"семьялӧн",2,"x",
3178,"семьялы",2,"x",
3179,"семьялэн",1,"x",
3180,"семьянад",2,"x",
3181,"семьянас",3,"x",
3182,"семьянум",3,"x",
3183,"семьясын",1,"x",
3184,"семьясьыс",3,"x",
3185,"семьясэ",8,"x",
3186,"семьятӧ",1,"x",
3187,"семьяыд",1,"x",
3188,"семьяыдлы",3,"x",
3189,"семьяын",5,"x",
3190,"семьяынтӧ",1,"x",
3191,"семьяыс",11,"x",
3192,"семьяыслы",3,"x",
3193,"семьяэс",1,"x",
3194,"семьяяс",4,"x",
3195,"семьяясыс",1,"x",
3196,"семяшкин",4,"x","name"
3197,"семяшкина",3,"x","name"
3198,"семяшкинлэн",1,"x","name"
3199,"семяшкинъяс",1,"x","name"
3200,"семяшкиныс",2,"x","name"
3201,"семяшкиныслысь",1,"x","name"
3202,"семяын",1,"x",
3203,"семяэ",2,"x",
3204,"сени",1,"x",
3205,"сенисэ",1,"x",
3206,"сеновал",1,"x",
3207,"сенокос",2,"x",
3208,"сенояс",1,"x",
3209,"сентябр",2,"x",
3210,"сентябре",1,"x",
3211,"сентябрь",1,"x",
3212,"сентября",4,"x",
3213,"сеня",5,"x",
3214,"сепаратор",1,"x",
3215,"сер",1,,
3216,"сёр",6,,
3217,"сёр-",1,,
3218,"сера",15,,
3219,"сёравно",1,"x",
3220,"сёравнӧ",1,"x",
3221,"серавны",2,,
3222,"сералiс",1,,
3223,"сералам",1,,
3224,"сераліс",1,,
3225,"сералісныс",1,,
3226,"сералӧ",1,,
3227,"сералӧны",1,,
3228,"сералэ",1,,
3229,"сералэны",1,,
3230,"серам",2,,
3231,"серафимовнаыс",1,"x","name"
3232,"сераясыс",1,,
3233,"сербияысь",1,"x","name"
3234,"сергеевна",6,"x",
3235,"сергей",9,"x",
3236,"сергийыс",1,,
3237,"сердечко",1,"x",
3238,"сёрджык",1,"x",
3239,"сердцу",1,"x",
3240,"сёредз",1,,
3241,"середлі",1,,
3242,"серёзнӧй",1,,
3243,"сёренки",1,,
3244,"сёретьсэ",1,,
3245,"сёретьын",1,,
3246,"сериалыс",1,"x",
3247,"сёркни",3,,
3248,"сёркниыс",2,,
3249,"сёркнияс",1,,
3250,"сёрмедчышті",1,,
3251,"сермедэн",2,,
3252,"сёрни",5,,
3253,"сёрниа",1,,
3254,"сёрниас",1,,
3255,"сёрниныд",1,,
3256,"сёрниныссэ",1,,
3257,"сёрнисикас",2,,
3258,"сёрнисикасӧн",1,,
3259,"сёрнисикассӧ",1,,
3260,"сёрнисикасын",1,,
3261,"сёрнисӧ",1,,
3262,"сёрнисьыд",1,,
3263,"сёрнисьыныд",2,,
3264,"сёрнисэ",1,,
3265,"сёрнит",13,,
3266,"сёрнит-",2,,
3267,"сёрнитiм",6,,
3268,"сёрнитiнныд",1,,
3269,"сёрнитiс",2,,
3270,"сёрнита",19,,
3271,"сёрнита:",1,,
3272,"сернитам",1,,
3273,"сёрнитам",26,,
3274,"сёрнитам-а",1,,
3275,"сёрнитам.",1,,
3276,"сёрнитан",14,,
3277,"сернитанныд",1,,
3278,"сёрнитанныд",8,,
3279,"сёрнитас",1,,
3280,"сёрнитасны",2,,
3281,"сёрнитасныс",4,,
3282,"сёрнитинныд",1,,
3283,"сёрниті",6,,
3284,"сёрнитігкості",1,,
3285,"сёрнитім",11,,
3286,"сёрнитімӧ",1,,
3287,"сёрнитін",1,,
3288,"сёрнитінныд",3,,
3289,"сернитіс",1,,
3290,"сёрнитіс",15,,
3291,"сёрнитісны",6,,
3292,"сёрнитісныс",5,,
3293,"сёрнитлiм",2,,
3294,"сёрнитлiнныд",1,,
3295,"сёрнитланныд",1,,
3296,"сёрнитласны",1,,
3297,"сёрнитласныс",1,,
3298,"сёрнитлыл",1,,
3299,"сёрнитны",75,,
3300,"сёрнитныс",9,,
3301,"сёрнитнысэ",6,,
3302,"сёрнитнытэ",1,,
3303,"сёрнитӧ",3,,
3304,"сёрнитӧм",1,,
3305,"сёрнитӧны",18,,
3306,"сёрнитӧны-ворсӧны",1,,
3307,"сёрнитӧныс",2,,
3308,"сёрниттэм",1,,
3309,"сёрнитчам",1,,
3310,"сёрнитчӧм",1,,
3311,"сёрнитыгас",1,,
3312,"сёрнитысьыс",2,,
3313,"сёрнитышны",1,,
3314,"сёрнитыштам",1,,
3315,"сёрнитыштам.",1,,
3316,"сёрнитыштанныд",1,,
3317,"сёрнитыштім",1,,
3318,"сёрнитыштны",2,,
3319,"сёрнитыштэ",1,,
3320,"сернитэ",5,,
3321,"сёрнитэ",43,,
3322,"сёрнитэні",1,,
3323,"сернитэны",1,,
3324,"сёрнитэны",26,,
3325,"сёрнитэны-а",1,,
3326,"сернитэныс",1,,
3327,"сёрнитэныс",28,,
3328,"сёрнитэныс-а",1,,
3329,"сёрниыс",14,,
3330,"сёрниэ",1,,
3331,"сёрниэн",2,,
3332,"сёрнияс",1,,
3333,"сёрниясыс",1,,
3334,"серо-",1,,
3335,"серо-буро-малинэвей",1,"x",
3336,"сероны",1,,
3337,"сертi",1,,
3338,"серти",37,,
3339,"сертиыс",7,,
3340,"сертэм",2,,
3341,"серъёзнэесь",1,"x",
3342,"серъяссьыс",1,"x",
3343,"серьёзнэй",1,"x",
3344,"сессия",2,"x",
3345,"сессияяс",1,"x",
3346,"сесся",9,,
3347,"сестра",4,"x",
3348,"сестраыс",1,"x",
3349,"сестреничанумлысь",1,"x",
3350,"сет",25,,"ambivalent"
3351,"сет(ы)ны",1,,
3352,"сетiс",2,,
3353,"сета",9,,
3354,"сеталан",1,,
3355,"сеталіс",1,,
3356,"сеталісныс",1,,
3357,"сеталэма",1,,
3358,"сетам",7,,
3359,"сетан",2,,
3360,"сетанныд",4,,
3361,"сетас",15,,
3362,"сетасны",3,,
3363,"сетасныс",5,,
3364,"сеті",9,,
3365,"сетін",1,,
3366,"сетінныд",4,,
3367,"сетіс",28,,
3368,"сетісны",16,,
3369,"сетісныс",10,,
3370,"сеткаясын",1,"x",
3371,"сетки",1,"x",
3372,"сетла",1,,
3373,"сетлам",2,,
3374,"сетлі",2,,
3375,"сетлім-а",1,,
3376,"сетлісны",2,,
3377,"сетлісныс",3,,
3378,"сетлыліс",1,,
3379,"сетлыны",2,,
3380,"сетлэма",2,,
3381,"сетлэмаась",1,,
3382,"сетлэмыд",1,,
3383,"сетны",22,,
3384,"сетныс",9,,
3385,"сетныс»",1,,
3386,"сетӧ",5,,
3387,"сетӧма",1,,
3388,"сетӧмаась",4,,
3389,"сетӧмаась.",1,,
3390,"сетӧмаӧсь",2,,
3391,"сетӧны",1,,
3392,"сетӧныс",2,,
3393,"сетооліс",3,,
3394,"сетчасныс",1,,
3395,"сетче",7,,
3396,"сетчис",2,,
3397,"сетчы",1,,
3398,"сетчы.",1,,
3399,"сетчыныс",1,,
3400,"сетыс",1,,
3401,"сетысьыс",1,,
3402,"сетыштіс",2,,
3403,"сеть",1,,
3404,"сетьӧн",1,,
3405,"сетьсэ",1,,
3406,"сетьясэн",1,,
3407,"сетэ",7,,
3408,"сетэма",8,,
3409,"сетэмаась",2,,
3410,"сетэны",3,,
3411,"сетэныс",6,,
3412,"сеччы",2,,
3413,"сёысь",4,,
3414,"сёя",1,,
3415,"сёям",5,,
3416,"сёян",28,,
3417,"сёян-юан",1,,
3418,"сёянла",2,,
3419,"сёянныд",1,,
3420,"сёянсӧ",1,,
3421,"сёянсьыс",1,,
3422,"сёянсэ",1,,
3423,"сёянторъяс",2,,
3424,"сёянторъясын",1,,
3425,"сёянтэ",2,,
3426,"сёянъяс",1,,
3427,"сёянъяснас",1,,
3428,"сеяныс",2,,
3429,"сёяныс",11,,
3430,"сёянысь",1,,
3431,"сёянэ",1,,
3432,"сёянэн",2,,
3433,"сёяс",4,,
3434,"сёяс-юас",1,,
3435,"сёясны",3,,
3436,"сёясныс-глöтайтасныс",1,"x",
3437,"сеясныс-юасныс",2,,
3438,"си",2,,
3439,"си-",2,,
3440,"сиа",1,,
3441,"сиалам",1,,
3442,"сианныд",1,,
3443,"сибалі",2,,
3444,"сибед(ы)лы",2,,
3445,"сибедасны",1,,
3446,"сибедасныс",1,,
3447,"сибедіс",4,,
3448,"сибедісны",1,,
3449,"сибедісныс",4,,
3450,"сибедлан",2,,
3451,"сибедлы",4,,
3452,"сибедны",3,,
3453,"сибедченыс",1,,
3454,"сибирад",2,"x",
3455,"сибире",1,"x",
3456,"сибиркаясэн",1,"x",
3457,"сибирӧ",1,"x",
3458,"сибирса",1,"x",
3459,"сибирскей",4,"x",
3460,"сибӧ",1,,
3461,"сивны",1,,
3462,"сиг",2,"x",
3463,"сиглима",1,,
3464,"сигнал",1,"x",
3465,"сиговскей",1,,
3466,"сигыслэн",1,"x",
3467,"сиде",1,"yrk",
3468,"сидел",1,"x",
3469,"сидела",3,"x",
3470,"сидит",3,"x",
3471,"сидь",2,"x",
3472,"сидя",1,"x",
3473,"сидят",1,"x",
3474,"сие",1,,
3475,"сиен",1,,
3476,"сиерга",1,,
3477,"сиес",3,,
3478,"сиессьыс",1,,
3479,"сизим",75,,
3480,"сизим-",1,,
3481,"сизимдас",9,,
3482,"сизимдасӧд",2,,
3483,"сизиме",11,,
3484,"сизимед",27,,
3485,"сизимедз",1,,
3486,"сизимедыслы",1,,
3487,"сизимедэ",23,,
3488,"сизимен",1,,
3489,"сизимер",5,,
3490,"сизимес",3,,
3491,"сизимӧд",8,,
3492,"сизимӧс",1,,
3493,"сизимсё",1,,
3494,"сизимсэ",1,,
3495,"сизимыслэн",1,,
3496,"сизимысь",4,,
3497,"сизяб",1,"x","name"
3498,"сизябск",2,"x","name"
3499,"сизябске",1,"x","name"
3500,"сизябсксьыс",1,"x","name"
3501,"сизябскын",3,"x","name"
3502,"сизябскыс",1,"x","name"
3503,"сизябскысь",2,"x","name"
3504,"сик",1,,
3505,"сикас",2,,
3506,"сикечысь",1,,
3507,"сикт",6,,
3508,"сиктад",1,,
3509,"сиктад,",1,,
3510,"сиктас",1,,
3511,"сикткӧд",1,,
3512,"сиктлы",1,,
3513,"сиктнум",1,,
3514,"сиктнымӧс.",1,,
3515,"сиктнымыс",1,,
3516,"сиктӧ",3,,
3517,"сиктса",3,,
3518,"сиктсӧ",2,,
3519,"сиктсьыс",1,,
3520,"сиктъяс",6,,
3521,"сиктъясас",3,,
3522,"сиктъясӧ",1,,
3523,"сиктъясті",1,,
3524,"сиктъясын",2,,
3525,"сиктъясыс",1,,
3526,"сиктъясысь",3,,
3527,"сиктын",19,,
3528,"сиктыс",9,,
3529,"сиктыслы",3,,
3530,"сиктысь",6,,
3531,"сиктэ",3,,
3532,"сила",2,"x","ambivalent"
3533,"силаа",1,"x",
3534,"силан",1,"x",
3535,"силаныс",1,"x",
3536,"силаыд",2,"x",
3537,"силаыс",3,"x","ambivalent"
3538,"силінныд",1,,
3539,"силками",2,"x",
3540,"силки",1,"x",
3541,"силу",1,"x",
3542,"сильно",1,"x",
3543,"сима",2,,"yrk loan?"
3544,"син",1,,
3545,"синбӧжлам",1,,
3546,"синва",2,,
3547,"синваыд",2,,
3548,"синваыс",6,,
3549,"синваэ",1,,
3550,"синер",1,,
3551,"синма",4,,
3552,"синмаась",1,,
3553,"синмад",1,,
3554,"синманыс",2,,
3555,"синмас",2,,
3556,"синме",3,,
3557,"синмыс",2,,
3558,"синмыслы",1,,
3559,"синнас",6,,
3560,"синнум",1,,
3561,"синныд",2,,
3562,"синоптики",1,,"what?"
3563,"синоптиков",1,,"what?"
3564,"синсэ",2,,
3565,"синтэ",1,,
3566,"синтэм",2,,
3567,"синтэмсе",1,,
3568,"синтэмсема",1,,
3569,"синтэмси",2,,
3570,"синъяс",1,,
3571,"синъяснас",1,,
3572,"синъясныс",1,,
3573,"синъяссэ",6,,
3574,"синъясын",1,,
3575,"синъясыс",4,,
3576,"синъясысь",3,,
3577,"сины",1,,
3578,"сиӧм",1,,
3579,"сиптас",1,,
3580,"сиптісны",4,,
3581,"сиптісныс",1,,
3582,"сиптӧма",1,,
3583,"сиптыса",4,,
3584,"сиптысис",5,,
3585,"сиптысисны",1,,
3586,"сиптысьны",1,,
3587,"сиптысьӧмась",1,,
3588,"сиптысяс",1,,
3589,"сиптыштлы",1,,
3590,"сиптэмаась",1,,
3591,"сир",7,,
3592,"сирета",1,"x",
3593,"сиретасэ",1,"x",
3594,"сиретаясэн",1,"x",
3595,"сирлэн",1,,
3596,"сирота",1,"x",
3597,"сиротаяс",1,"x",
3598,"сирӧтаяс",1,"x",
3599,"сирӧтаясӧн",1,"x",
3600,"сирӧтаясэн",1,"x",
3601,"система",2,"x",
3602,"сись",4,,
3603,"сисьме",1,,
3604,"сисьмемась",1,,
3605,"сисьмисны",1,,
3606,"ситуации",1,"x",
3607,"ситуация",4,"x",
3608,"ситуацияын",1,"x",
3609,"ситуацияыс",5,"x",
3610,"ситуачияяс",1,"x",
3611,"сиэны",1,,
3612,"сияс",1,,
3613,"сідзи",16,,
3614,"сісьмема",1,,
3615,"сісьмемась",1,,
3616,"скованнэйджыкесь",1,"x",
3617,"скӧтсьыс",1,,
3618,"сласьта",1,"x",
3619,"смесь",4,"x",
3620,"собеседник",1,"x",
3621,"собирались",3,"x",
3622,"собрались",1,"x",
3623,"сӧвесьтыс",1,"x",
3624,"современнэйджыкесь",1,"x",
3625,"совсем",9,"x",
3626,"сӧвсем",2,"x",
3627,"совсем-то",1,"x",
3628,"совхозсьыс",1,"x",
3629,"согласен",1,"x",
3630,"сӧгласие",2,"x",
3631,"согласился",1,"x",
3632,"сӧгласитчасныс",2,"x",
3633,"сӧгласитчи",2,"x",
3634,"сӧгласитчис",1,"x",
3635,"согласитчы",1,"x",
3636,"согласитчыны",1,"x",
3637,"сӧгласиччины",1,"x",
3638,"сӧгласиччис",3,"x",
3639,"сӧгласиччисны",1,"x",
3640,"содтысе",2,,
3641,"сойыслысь",1,,
3642,"соласе",1,,
3643,"соласис",1,,
3644,"сорасис",1,,
3645,"сорлась",2,,
3646,"сосед",2,"x",
3647,"соседка",4,"x",
3648,"сӧседкатӧ",1,"x",
3649,"соседкаыслы",1,"x",
3650,"соседней",3,"x",
3651,"сӧседней",1,"x",
3652,"соседству",2,"x",
3653,"соседъяс",1,"x",
3654,"соседъясыс",1,"x",
3655,"сосногорскысь",2,"x","name"
3656,"состоявшейся",1,"x",
3657,"сосьвапромгеология",1,"x",
3658,"сотрясение",1,"x",
3659,"союзпушнинасьыс",1,"x",
3660,"спасения",2,"x",
3661,"спасибе",1,"x",
3662,"спасибо",32,"x",
3663,"спасибо!",2,"x",
3664,"спаситліс",1,"x",
3665,"спаситны",2,"x",
3666,"специализированная",1,"x",
3667,"специализируйтча",1,"x",
3668,"спроси",2,"x",
3669,"спросить",1,"x",
3670,"ставсьыс",3,,
3671,"стадсьыс",1,"x",
3672,"стараемся",1,"x",
3673,"старался",1,"x",
3674,"стариклысь",1,"x",
3675,"старухаыслысь",1,"x",
3676,"стасик",4,"x","name"
3677,"стасько",1,"x",
3678,"стасько-прасько",2,"x",
3679,"сторонасянь",1,"x",
3680,"странаысь",1,"x",
3681,"странаясысь",1,"x",
3682,"стрӧитӧмаась",1,"x",
3683,"стрӧитӧмаӧсь",1,"x",
3684,"строиться",1,"x",
3685,"стрӧитэмаась",2,"x",
3686,"строитэмаэсь",1,"x",
3687,"студентсянь",1,"x",
3688,"судзеді",1,,
3689,"сулалысь",2,,
3690,"суомиысь",1,"x","name"
3691,"сусед",1,"x",
3692,"суседка",2,"x",
3693,"суседныд",1,"x",
3694,"суседъяс",1,"x",
3695,"суседъяслэн",1,"x",
3696,"суседъяссэ",1,"x",
3697,"суседъясыс",2,"x",
3698,"суседъясэ",1,"x",
3699,"суседыслэн",1,"x",
3700,"сусек",1,"x",
3701,"сусекъяс",1,"x",
3702,"суссьысе",1,,
3703,"сыктывдинысь",1,"x","name"
3704,"сыктывкарсис",1,"x","name"
3705,"сыктывкарысь",2,"x","name"
3706,"сыладорсянь",1,,
3707,"сылаздорысь",1,,
3708,"сылысь",26,,
3709,"сысянь",2,,
3710,"сытысь",1,,
3711,"сычемесь",1,,
3712,"сыысь",25,,
3713,"сь-",2,,
3714,"сьöд",1,,
3715,"сьмекайтэ",2,"x",
3716,"сьмелый",1,"x",
3717,"сьмертэ",2,"x",
3718,"сьӧ",1,,
3719,"сьӧ-",1,,
3720,"сьӧд",20,,
3721,"сьӧд,",1,,
3722,"сьӧда",1,,
3723,"сьӧдӧдi",1,,
3724,"сьӧдъю",2,,
3725,"сьӧдыс",1,,
3726,"сьӧкта",1,,
3727,"сьӧктаа",9,,
3728,"сьӧкыд",88,,
3729,"сьӧкыд-э",1,,
3730,"сьӧкыда",5,,
3731,"сьӧкыдджык",7,,
3732,"сьӧкыдджыка",1,,
3733,"сьӧкыдлун",7,,
3734,"сьӧкыдлунъяс",1,,
3735,"сьӧкыдъясэс",1,,
3736,"сьӧкыдыс",2,,
3737,"сьӧкыдэсь",1,,
3738,"сьӧла",3,,
3739,"сьӧлаыс",1,,
3740,"сьӧлаысь",1,,
3741,"сьӧлӧм",8,,
3742,"сьӧлӧма",3,,
3743,"сьӧлӧманыд",1,,
3744,"сьӧлӧмас",1,,
3745,"сьӧлӧмбурсэ",1,,
3746,"сьӧлӧме",1,,
3747,"сьӧлӧмнас",1,,
3748,"сьӧлӧмӧй",2,,
3749,"сьӧлӧмӧн",2,,
3750,"сьӧлӧмсӧ",1,,
3751,"сьӧлӧмсянь",1,,
3752,"сьӧлӧмшӧр",1,,
3753,"сьӧлӧмыд",1,,
3754,"сьӧлӧмын",1,,
3755,"сьӧлӧмысь",1,,
3756,"сьӧлыштас",1,,
3757,"сьӧлыштны",1,,
3758,"сьӧлэм",4,,
3759,"сьӧлэма",1,,
3760,"сьӧлэме",6,,
3761,"сьӧлэмелы",1,,
3762,"сьӧлэмнанаыс",1,,
3763,"сьӧлэмнас",3,,
3764,"сьӧлэмныд",1,,
3765,"сьӧлэмӧ",1,,
3766,"сьӧлэмсьыд",1,,
3767,"сьӧлэмъяссэ",1,,
3768,"сьӧлэмыд",1,,
3769,"сьӧлэмыс",3,,
3770,"сьӧлэмэ",2,,
3771,"сьомга",4,"x",
3772,"сьӧмга",10,"x",
3773,"сьӧмгаыс",4,"x",
3774,"сьӧмгаыслэн",1,"x",
3775,"сьӧмгаысь",1,"x",
3776,"сьӧмгаясыс",1,"x",
3777,"сьӧмыд",1,,
3778,"сьӧмыс",1,,
3779,"сьӧп",5,,
3780,"сьӧпыс",1,,
3781,"сьӧр",1,,
3782,"сьӧрсьыд",1,,
3783,"сьӧрсьыс",2,,
3784,"сьӧрти",1,,
3785,"сьчаслив",2,"x",
3786,"сьчассе",6,"x",
3787,"сьчассетэ",2,"x",
3788,"сьы",1,,
3789,"сьы-",1,,
3790,"сьыв",3,,
3791,"сьывлінныд",2,,
3792,"сьывлывлі",2,,
3793,"сьывны",3,,
3794,"сьылiм",1,,
3795,"сьылiс",5,,
3796,"сьыла",4,,
3797,"сьылам",9,,
3798,"сьылам…",1,,
3799,"сьылан",4,,
3800,"сьыланкыв",2,,
3801,"сьыланкывсӧ",1,,
3802,"сьыланкывъяс",5,,
3803,"сьыланкывъяссӧ",2,,
3804,"сьыланкывъястӧ",1,,
3805,"сьыланныд",6,,
3806,"сьыланныднэ",1,,
3807,"сьыліад",1,,
3808,"сьыліас",1,,
3809,"сьылідзир",1,,
3810,"сьылім",6,,
3811,"сьылінныд",2,,
3812,"сьыліс",7,,
3813,"сьылісны",3,,
3814,"сьылісьыс",1,,
3815,"сьылӧ-",1,,
3816,"сьылӧй",1,,
3817,"сьылӧны",5,,
3818,"сьылӧны-йӧктӧны",1,,
3819,"сьылыг",2,,
3820,"сьылыштам",1,,
3821,"сьылыштӧй",4,,
3822,"сьылыштэ",1,,
3823,"сьылэ",18,,
3824,"сьылэд",1,,
3825,"сьылэм-йӧктэм",1,,
3826,"сьылэны",6,,
3827,"сьылэныс",4,,
3828,"сьыы",1,,
3829,"сьыыны",8,,
3830,"сьыыны,",1,,
3831,"сьыыяс",1,,
3832,"сэкся",1,,
3833,"сэсся",998,,
3834,"сэсь",4,,
3835,"сэсься",1,,
3836,"сэсянь",4,,
3837,"сэтшемесь",6,,
3838,"сэтшемлысь",2,,
3839,"сэтшемысь",2,,
3840,"сэтшӧмӧсь",8,,
3841,"сэтшӧмӧсь?",1,,
3842,"сэтшӧмысь",1,,
3843,"сэтысь",54,,
3844,"сэтысянь",21,,
3845,"сэтэнэсь",1,,
3846,"сэчемесь",1,,
3847,"сюда",14,"x",
3848,"сюдбее",16,,
3849,"сюдбей",36,,
3850,"сюдбейес",1,,
3851,"сюдбейиха",3,,
3852,"сюдбейкед",3,,
3853,"сюдбейлы",2,,
3854,"сюдбейлысь",3,,
3855,"сюдбейлэн",6,,
3856,"сюдбейлэнэ",1,,
3857,"сюдбейяс",1,,
3858,"сюды",1,"x",
3859,"сюе",2,,
3860,"сюема",4,,
3861,"сюеныс",1,,
3862,"сюжетные",1,,
3863,"сюзяыб",1,,
3864,"сюзяыбысь",1,,
3865,"сюис",1,,
3866,"сюй",1,,
3867,"сюйи",4,,
3868,"сюйис",4,,
3869,"сюйлас",1,,
3870,"сюйласны",1,,
3871,"сюйласныс",1,,
3872,"сюйлы",1,,
3873,"сюйны",3,,
3874,"сюйны,",1,,
3875,"сюйӧны",1,,
3876,"сюйэма",1,,
3877,"сюр",8,,
3878,"сюра",2,,
3879,"сюрас",4,,
3880,"сюре",10,,
3881,"сюрема",2,,
3882,"сюреныс",1,,
3883,"сюри",16,,
3884,"сюрим",1,,
3885,"сюрины",1,,
3886,"сюрис",3,,
3887,"сюркнясеныс",1,,
3888,"сюрлалэ",1,,
3889,"сюрлі",6,,
3890,"сюрлім",1,,
3891,"сюрліс",1,,
3892,"сюрлы",3,,
3893,"сюрлы-а",1,,
3894,"сюрлыллӧ",1,,
3895,"сюрлыллэ",1,,
3896,"сюрлэ",3,,
3897,"сюрнаныс-чупнаныс",1,,
3898,"сюрны",1,,
3899,"сюрӧ",1,,
3900,"сюрс",10,,
3901,"сюрсӧ",2,,
3902,"сюрсь",2,,
3903,"сюртчи",1,,
3904,"сюръяс",1,,
3905,"сюръясаныс",1,,
3906,"сюръяснас",4,,
3907,"сюръясныс",1,,
3908,"сюръяссӧ",1,,
3909,"сюръяссэ",2,,
3910,"сюрыс",1,,
3911,"сюсь",2,,
3912,"сюсьджык",1,,
3913,"сюсьнас",1,,
3914,"сюуяссэ",1,,
3915,"сююяссэ",3,,
3916,"сюялі",1,,
3917,"сюялэны",1,,
3918,"сюялэныс",3,,
3919,"сюян",1,,
3920,"сюясас",1,,
3921,"сюясим",1,,
3922,"сюясны",4,,
3923,"сюясныс",4,,
3924,"ся",103,,
3925,"сябучасэ",2,,
3926,"сядей",1,,
3927,"сяке",5,"x",
3928,"сякей",12,"x",
3929,"сякейыс",3,"x",
3930,"сякеялэны",1,"x",
3931,"сялго",1,,"what?"
3932,"сялямкаясэ",1,,
3933,"сяма",4,,
3934,"сямсӧ",1,,
3935,"сямыс",2,,
3936,"сянакурӈа",1,"yrk",
3937,"сяс",6,,
3938,"сяыс",1,,
3939,"тiянлысь",1,,
3940,"тавося",5,,
3941,"тавосяыс",1,,
3942,"тадзи",23,,
3943,"тадзикӧн",4,,
3944,"таиссяэ",2,,
3945,"таись",1,,
3946,"таисьыскӧд",1,,
3947,"таймисьыс",2,,
3948,"таляссемаас",1,,
3949,"талясяс",1,,
3950,"тандзе",10,,
3951,"тандзе-маръя",2,,
3952,"тась",1,,
3953,"та̄сьт",1,"sjd",
3954,"тасьті",1,,
3955,"тасьтіэн",1,,
3956,"тасьтіясэ",1,,
3957,"тасянь",6,,
3958,"татісь",1,,
3959,"татчысь",1,,
3960,"татшӧмӧсь",2,,
3961,"татысь",22,,
3962,"татысянь",6,,
3963,"татэнэсь",2,,
3964,"таысь",3,,
3965,"творится",1,"x",
3966,"телевизорсянь",1,"x",
3967,"телевизорысь",4,"x",
3968,"теляасеныс",1,,
3969,"теляасьны",1,,
3970,"теляасян",1,,
3971,"теляасяс",1,,
3972,"телясьыс",1,,
3973,"тёмнэесь",1,"x",
3974,"темпераментнэесь",1,"x",
3975,"термасигтыр",1,,
3976,"теряется",1,"x",
3977,"тесьтыслэн",1,,
3978,"течемаэсь",1,,
3979,"тигиасьӧм",1,,
3980,"тісяньыд",1,,
3981,"тіянлысь",5,,
3982,"тіянсьыныд",1,,
3983,"тіянысь",1,,
3984,"тӧвзян",1,,
3985,"тӧдмасемаась",1,,
3986,"тӧдмасеныс",1,,
3987,"тӧдмаси",2,,
3988,"тӧдмасим",6,,
3989,"тӧдмасин",2,,
3990,"тӧдмасинныд",6,,
3991,"тӧдмасисны",1,,
3992,"тӧдмасьлӧмаась",1,,
3993,"тӧдмасьӧны",1,,
3994,"тӧдмасям",1,,
3995,"тӧдсаась",2,,
3996,"тӧдсаӧсь",1,,
3997,"тӧдсаэсь",1,,
3998,"тӧдчаӧссис",1,,
3999,"тӧдысь",1,,
4000,"тӧдысьыс",2,,
4001,"тӧдысьяс",1,,
4002,"тойысьясэ",1,,
4003,"тӧлкаджыкесь",1,,
4004,"тӧлысе",1,,
4005,"тӧлысь",10,,
4006,"тӧлысьӧ",1,,
4007,"тӧлысьӧн",1,,
4008,"тӧлысьын",3,,
4009,"тӧлыся",2,,
4010,"томджыкесь",1,,
4011,"томджыкъяслысь",1,,
4012,"томесь",3,,
4013,"томӧсь",1,,
4014,"томсянь",1,,
4015,"тоннаысь",2,,
4016,"топедчемсьыс",1,,
4017,"топится",2,"x",
4018,"торксьы",1,,
4019,"торксьыны",1,,
4020,"тотшкысьны",1,,
4021,"траваысь",1,"x",
4022,"третейсяньыс",1,"x",
4023,"тридцативосьмиквартирнэй",1,"x",
4024,"трудолюбивеесь",1,"x",
4025,"тулыссянь",1,,
4026,"тулысь",1,,
4027,"тунасем",2,,
4028,"тунасены",1,,
4029,"тунасим",1,,
4030,"тунасисны",1,,
4031,"тунасьлiн",1,,
4032,"тунасьлiсны",1,,
4033,"тунасьлӧма",2,,
4034,"тунасьлӧмныд",1,,
4035,"тунасьлы",2,,
4036,"тунасьны",12,,
4037,"тунасьнытӧ",1,,
4038,"тунасьӧ",1,,
4039,"тунасьӧм",9,,
4040,"тунасьӧмӧн",2,,
4041,"тунасьӧмсэ",1,,
4042,"тунасьӧмъяс",1,,
4043,"тунасьӧмъяслы",1,,
4044,"тунасьӧмъясыс",2,,
4045,"тунасьӧмыд",4,,
4046,"тунасьӧмыс",11,,
4047,"тунасьӧны",7,,
4048,"тунасян",3,,
4049,"тундрасьыс",4,"x",
4050,"тундраысь",2,"x",
4051,"туребсьыс",1,,
4052,"турунсьыс",1,,
4053,"тусер",1,,
4054,"тусь",1,,
4055,"тусьсэ",1,,
4056,"тусьяс",1,,
4057,"тусяпу",1,,
4058,"тшакасьны",2,,
4059,"тшапкисян",1,,
4060,"тшапкыси",1,,
4061,"тшапкысь",1,,
4062,"тшашшаысь",1,,
4063,"тшелляюрысь",1,"x","name"
4064,"тшесьтыс",2,,
4065,"тшӧктысены",1,,
4066,"тшулкисин",1,,
4067,"тшыгйысь",1,,
4068,"тшыгсьыс",2,,
4069,"тшыкедчысесь",2,,
4070,"тшыкемась",1,,
4071,"тшыськыны",1,,
4072,"тырсялас",1,,
4073,"тысеца",4,"x",
4074,"тысеча",2,"x",
4075,"тысечу",1,"x",
4076,"тысин(э)",2,,
4077,"тысю",1,,
4078,"тысятшаэн",1,"x",
4079,"тысяч",5,"x",
4080,"тысяча",35,"x",
4081,"тысячаӧн",1,"x",
4082,"тысячаыс",1,"x",
4083,"тысячаысь",4,"x",
4084,"тысячаяс",1,"x",
4085,"тысяче",1,"x",
4086,"тысячи",9,"x",
4087,"тысячи-тысячи",1,"x",
4088,"тысячи…",1,"x",
4089,"тысячу",2,"x",
4090,"тышкасены",4,,
4091,"тышкась",2,,
4092,"тышкасьласныс",3,,
4093,"тышкасьлооны",1,,
4094,"тышкасьлэны",1,,
4095,"тышкасьны",6,,
4096,"тышкасясныс",1,,
4097,"тыыясеныс",2,,
4098,"тыыясьны",2,,
4099,"тыясысь",2,,
4100,"тыясьны",1,,
4101,"ться",1,,
4102,"тэнсьыд",3,,
4103,"тэрмасемен",1,,
4104,"тэрмась",2,,
4105,"тэрмасьны",3,,
4106,"тэрмасьтӧг",1,,
4107,"тэрмасьтӧг.",1,,
4108,"тэрмасьтэг",1,,
4109,"тэрмася",1,,
4110,"тэсся",1,,
4111,"тэчсян",1,,
4112,"тэысь",1,,
4113,"тюсерсӧ",1,,
4114,"тяпасьны",1,,
4115,"убирается",1,"x",
4116,"уджалысьыс",1,,
4117,"уджалысьяслы",1,,
4118,"удмуртияысь",1,"x","name"
4119,"удораысь",1,,
4120,"уждысьны",1,,
4121,"узе",1,,
4122,"узел",1,,
4123,"узелки",1,"x",
4124,"узем",1,,
4125,"узены",1,,
4126,"узи",1,,
4127,"узим",1,,
4128,"узин",3,,
4129,"узис",2,,
4130,"узисныс",1,,
4131,"узь",6,,
4132,"узь(и)лыллі",1,,
4133,"узьлан",1,,
4134,"узьлыллі",1,,
4135,"узьлыны",1,,
4136,"узьны",12,,
4137,"узьнысэ",2,,
4138,"узьӧ",1,,
4139,"узя",3,,
4140,"узя-а",1,,
4141,"узям",4,,
4142,"узян",5,,
4143,"узянныд",1,,
4144,"узянныд-он",1,,
4145,"узяс",2,,
4146,"узясныс",2,,
4147,"украинаысь",1,"x","name"
4148,"укусил",1,"x",
4149,"уллёосьыс",1,,
4150,"улыссянь",1,,
4151,"улысь",2,,
4152,"улюклысь",1,,
4153,"унаась",1,,
4154,"унаваысь",1,,
4155,"унаысь",12,,
4156,"университет",6,"x",
4157,"университетад",1,"x",
4158,"университетас",1,"x",
4159,"университетӧ",1,"x",
4160,"университетсэ",2,"x",
4161,"университетъяслӧн",1,"x",
4162,"университетын",5,"x",
4163,"университетыс",1,"x",
4164,"унмоося",2,,
4165,"унмосьны",1,,
4166,"упитанносьтьыс",1,"x",
4167,"урваньдейсьыс",1,"x",
4168,"урежейысь",1,"x",
4169,"усе",4,,
4170,"уселся",1,,
4171,"усема",6,,
4172,"усеныс",1,,
4173,"уси",14,,
4174,"усим",1,,
4175,"усин",3,,
4176,"усинск",1,"x","name"
4177,"усинске",1,"x","name"
4178,"усинскей",1,"x","name"
4179,"усинскын",1,"x","name"
4180,"усины",1,,
4181,"усиныс",1,,
4182,"усис",1,,
4183,"уссьы",1,,
4184,"усть-куломысь",1,"x","name"
4185,"усь",9,,
4186,"уськöдчыны",1,,
4187,"уськеда",1,,
4188,"уськедам",1,,
4189,"уськедчаласны",1,,
4190,"уськедчаласныс",1,,
4191,"уськедчасныс",3,,
4192,"уськедчис",2,,
4193,"уськедчисныс",1,,
4194,"уськедчыласныс",1,,
4195,"уськедчыыласныс",1,,
4196,"уськеччи",2,,
4197,"уськӧ",1,,
4198,"уськӧдчисны",1,,
4199,"уськӧдчы",1,,
4200,"уськӧдчыллӧны",1,,
4201,"усьліс",1,,
4202,"усьны",5,,
4203,"усьӧ",1,,
4204,"усьӧны",1,,
4205,"усьпань",1,,
4206,"усьылас",1,,
4207,"усьыс",1,,
4208,"усялэ",1,,
4209,"усяс",4,,
4210,"уткаяслысь",1,,
4211,"ууесь",1,,
4212,"уусьыс",4,,
4213,"уусянь",1,,
4214,"ухтасянь",4,"x","name"
4215,"участоксьыс",1,"x",
4216,"учатся",1,"x",
4217,"учились",1,"x",
4218,"федосья",1,"x","name"
4219,"федэссяыс",1,"x","name"
4220,"физическей",3,"x",
4221,"физически",5,"x",
4222,"финансируйтэ",1,"x",
4223,"финансируйтэныс",1,"x",
4224,"финляндияысь",3,"x",
4225,"фроловскысь",1,"x","name"
4226,"фсё",2,"x",
4227,"хабарихаысь",1,"x","name"
4228,"хамдзе",1,,
4229,"хандзерова",1,,
4230,"ханты-мансиаын",2,"x",
4231,"ханты-мансийск",2,"x","name"
4232,"ханты-мансийскей",1,"x","name"
4233,"ханты-мансийскеяс",1,"x","name"
4234,"ханты-мансийский",1,"x","name"
4235,"ханты-мансийскысь",1,"x","name"
4236,"хатанзейская",1,"x","name"
4237,"хельсинкиӧ",1,"x","name"
4238,"хельсинкиын",2,"x","name"
4239,"хӧзяевасэ",1,"x","name"
4240,"хӧзяин",8,"x",
4241,"хӧзяинлэн",1,"x",
4242,"хӧзяинныд",2,"x",
4243,"хӧзяинныдкед",1,"x",
4244,"хӧзяинныдтэ",1,"x",
4245,"хӧзяинныс",1,"x",
4246,"хозяинов",3,"x",
4247,"хозяинова",4,"x",
4248,"хозяиновъяс",2,"x",
4249,"хӧзяиныд",2,"x",
4250,"хӧзяиныс",8,"x",
4251,"хӧзяиныскед",1,"x",
4252,"хӧзяиныслы",1,"x",
4253,"хӧзяиныслэн",3,"x",
4254,"хӧзяинэ",8,"x",
4255,"хӧзяинэс",1,"x",
4256,"хозяйка",1,"x",
4257,"хӧзяйка",5,"x",
4258,"хӧзяйкалунсэ",1,"x",
4259,"хӧзяйкаыс",1,"x",
4260,"хозяйке",1,"x",
4261,"хозяйственнэй",2,"x",
4262,"хозяйство",2,"x",
4263,"хӧзяйство",2,"x",
4264,"хозяйствонас",1,"x",
4265,"хӧзяйствоныд",2,"x",
4266,"хозяйствоон",1,"x",
4267,"хозяйствосэ",2,"x",
4268,"хӧзяйствосэ",1,"x",
4269,"хӧзяйствоын",1,"x",
4270,"хӧзяйствоыс",3,"x",
4271,"хозяйствояс",1,"x",
4272,"хорске-узе",1,,
4273,"цильмаысь",6,"x","name"
4274,"чакасьны",1,,
4275,"чапасьны",1,,
4276,"чапсянь",1,,
4277,"часьтыс",1,,
4278,"челядьдырсиныд",1,,
4279,"челядьдырся",1,,
4280,"челядьдырсясӧ,",1,,
4281,"челядьдыръясь",4,,
4282,"челядьсьыс",3,,
4283,"челядьясыслысь",2,,
4284,"челядяась",1,,
4285,"челядясисны",1,,
4286,"чентрсянь",1,"x",
4287,"чепсясны",1,,
4288,"чепъяссьыс",2,,
4289,"черёмухаысь",1,"x",
4290,"черисьыс",1,,
4291,"чериысь",1,,
4292,"четырёхмесячнэй",1,"x",
4293,"чехияысь",1,"x","name"
4294,"чиберняасям",1,,
4295,"чибернясьны",1,,
4296,"чисьтита",1,,
4297,"чисьтитам",2,,
4298,"чисьтитісны",1,,
4299,"чисьтітім",1,,
4300,"чоелысь",1,,
4301,"чойясысь",1,,
4302,"чолӧмысь",1,,
4303,"чомйысь",1,,
4304,"чомсьыс",4,,
4305,"чомсюнум",1,,
4306,"чомсянь",1,,
4307,"чомсяньыс",1,,
4308,"чомъясысь",1,,
4309,"чӧскыдӧсь",1,,
4310,"чӧсмасемпырысь",1,,
4311,"чӧсмасим",1,,
4312,"чӧсмасьны",1,,
4313,"чӧськыда",1,,
4314,"чужйысис",1,,
4315,"чукартчемаась",1,,
4316,"чукарччемаэсь",1,,
4317,"чукӧрысь",1,,
4318,"чуксясны",1,,
4319,"чумсьыс",1,,
4320,"чумсянь",1,,
4321,"чунькытшсьыс",1,,
4322,"шевелёвалысь",1,"x","name"
4323,"шейсят",6,"x",
4324,"шейсятъяс",1,"x",
4325,"шестидесятого",1,"x",
4326,"шестьдесят",4,"x",
4327,"шесь",2,"x",
4328,"шесьт",1,"x",
4329,"шесять",1,"x",
4330,"школасьыс",1,"x",
4331,"школасяньыс",1,"x",
4332,"шлячкысяс",1,,
4333,"шогсьыс",2,,
4334,"шогся",1,,
4335,"шогысь",2,,
4336,"шойччыны-узьны",1,,
4337,"шондісьыс",1,,
4338,"шоныдэсь",1,,
4339,"шораасьӧны",1,,
4340,"шӧркостынӧсь",1,,
4341,"шӧрсьыс",1,,
4342,"шорысь",1,,
4343,"шудаысь",2,,
4344,"шуисьӧ",1,,
4345,"шуисяс",1,,
4346,"шуйсьӧ.",1,,
4347,"шуйсьтӧны",1,,
4348,"шурышкарысь",1,"x","name"
4349,"шусе",37,,
4350,"шусема",2,,
4351,"шусеныс",1,,
4352,"шусис",2,,
4353,"шуссяна",1,,
4354,"шусь-",1,,
4355,"шусьӧ",11,,
4356,"шусьӧны",2,,
4357,"шусьы",1,,
4358,"шусьыны",2,,
4359,"шусяс",1,,
4360,"шуэмаась",1,,
4361,"шуэмась",1,,
4362,"шыдсянь",1,,
4363,"шыпулякъяссьыс",3,"x",
4364,"щельяюрсяньыс",1,"x","name"
4365,"щиколоткасьыс",1,"x",
4366,"ыбедзис",1,,
4367,"ыджыдвидзысь",1,,
4368,"ыджыдджыкесь",1,,
4369,"ыджыдӧсь",1,,
4370,"ыджыдэсь",13,,
4371,"ыдзыдэсь",2,,
4372,"ылаысь",2,,
4373,"ылісянь",1,,
4374,"ылынӧсь",1,,
4375,"ылысь",4,,
4376,"ылысянь",3,,
4377,"ыргенасянь",1,"x","name"
4378,"ысласьӧ",1,,
4379,"ыстӧмаась",2,,
4380,"ыстэмаась",2,,
4381,"ытшкысены",2,,
4382,"ытшкысьыгад",1,,
4383,"ытшкысям",1,,
4384,"ыысянь",3,,
4385,"эжсяньыс",1,,
4386,"эзысь",2,,
4387,"эксклюзивные",1,"x",
4388,"экскурсияяс",1,"x",
4389,"экстрасензорнӧй",1,"x",
4390,"электрочайникысь",1,"x",
4391,"эмесь",1,,
4392,"эмӧсь",10,,
4393,"эмӧсь-ӧ",6,,
4394,"эмторсьыс",1,,
4395,"эналысь",1,,
4396,"энергичнэесь",1,"x",
4397,"эпилепсия",1,"x",
4398,"эсся",28,,
4399,"эстисянь",1,,
4400,"эстшемсянь",1,,
4401,"эстысесь",1,,
4402,"эстысь",13,,
4403,"эстысьсэ",1,,
4404,"эстысянь",2,,
4405,"эстэнэсь",1,,
4406,"эське",57,,
4407,"эськен",1,,
4408,"эськӧ",24,,
4409,"эськэ",1,,
4410,"эсьтче",2,,
4411,"эсьтчедз",1,,
4412,"этажсяньыс",1,"x",
4413,"эталысь",1,,
4414,"этикетысь",1,"x",
4415,"этшаанэсь",1,,
4416,"этшаӧсь",1,,
4417,"этшаысь",1,,
4418,"этшиндзи",1,,
4419,"этшиндзик",2,,
4420,"этысь",1,,
4421,"эчандзик",1,,
4422,"эчиндзик",2,,
4423,"юасе",6,,
4424,"юасе-сернитэ",1,,
4425,"юасены",2,,
4426,"юаси-",1,,
4427,"юасим",3,,
4428,"юасинныд",1,,
4429,"юасис",3,,
4430,"юась",4,,
4431,"юасьлы",3,,
4432,"юасьлыылі",2,,
4433,"юасьны",11,,
4434,"юасьӧй",1,,
4435,"юасьӧма",1,,
4436,"юасьӧны",1,,
4437,"юася",2,,
4438,"юасям",1,,
4439,"юасян",1,,
4440,"юасянныд",1,,
4441,"юасясны",1,,
4442,"юке-маэсь",1,,
4443,"юкмӧссянь",1,,
4444,"юксисныс",1,,
4445,"юксьӧны",2,,
4446,"юкысясныс",1,,
4447,"юны-сьыыны",2,,
4448,"юньсянь",1,,
4449,"юрси",7,,
4450,"юрсиа",1,,
4451,"юрсисӧ",1,,
4452,"юрситэ",2,,
4453,"юрситэ,",1,,
4454,"юрсиэн",1,,
4455,"юрсьыд",2,,
4456,"юрсюм",1,,
4457,"юрсянь",1,,
4458,"юрысь",1,,
4459,"юсе",2,,
4460,"юсис",2,,
4461,"юсисны",1,,
4462,"юсьыскед",1,,
4463,"юсьяс",1,,
4464,"юысь",2,,
4465,"юысь-а",1,,
4466,"является",2,"x",
4467,"ягсьыс",4,,
4468,"ягсяныс",1,,
4469,"ягъяссьыс",1,,
4470,"ягысь",2,,
4471,"яйысь",3,,
4472,"яранъяслысь",2,,
4473,"ярославльсьыс",1,"x","name"
4474,"ярославльысь",1,"x","name"
4475,"ярославсий",1,"x","name"
